START RECORD GO HERE.                                                   S      1
1H,,1H;,8HProduct1,22HUniversal Coupling.igs,44HDASSAULT SYSTEMES CATIA G      1
V5 R21 - www.3ds.com,27HCATIA Version 5 Release 21 ,32,75,6,75,15,8HProdG      2
uct1,1.0,2,2HMM,1000,1.0,15H20240323.113239,0.001,10000.0,4HASUS,15HDESKG      3
TOP-2G0DD98,11,0,15H20240323.113239,;                                   G      4
     124       1       0       0       0       0       0       000000000D      1
     124       0       0       2       0                               0D      2
     110       3       0       0       0       0       0       001010001D      3
     110       0       0       1       0                               0D      4
     110       4       0       0       0       0       0       001010001D      5
     110       0       0       2       0                               0D      6
     120       6       0       0       0       0       0       001010001D      7
     120       0       0       1       0                               0D      8
     126       7       0       0       0       0       0       001010001D      9
     126       0       0      19       0                               0D     10
     126      26       0       0       0       0       0       001010001D     11
     126       0       0      19       0                               0D     12
     102      45       0       0       0       0       0       001010001D     13
     102       0       0       1       0                               0D     14
     142      46       0       0       0       0       0       001010001D     15
     142       0       0       1       0                               0D     16
     144      47       0       0   10000       0       0       000010000D     17
     144       0       0       1       0                PartBody       0D     18
     108      48       0       0       0       0       0       001010001D     19
     108       0       0       1       0                               0D     20
     124      49       0       0       0       0       0       001020201D     21
     124       0       0       1       0                               0D     22
     100      50       0       0       0       0      21       001010001D     23
     100       0       0       1       0                               0D     24
     124      51       0       0       0       0       0       001020201D     25
     124       0       0       1       0                               0D     26
     100      52       0       0       0       0      25       001010001D     27
     100       0       0       1       0                               0D     28
     102      53       0       0       0       0       0       001010001D     29
     102       0       0       1       0                               0D     30
     142      54       0       0       0       0       0       001010001D     31
     142       0       0       1       0                               0D     32
     124      55       0       0       0       0       0       001020201D     33
     124       0       0       1       0                               0D     34
     100      56       0       0       0       0      33       001010001D     35
     100       0       0       1       0                               0D     36
     124      57       0       0       0       0       0       001020201D     37
     124       0       0       1       0                               0D     38
     100      58       0       0       0       0      37       001010001D     39
     100       0       0       1       0                               0D     40
     102      59       0       0       0       0       0       001010001D     41
     102       0       0       1       0                               0D     42
     142      60       0       0       0       0       0       001010001D     43
     142       0       0       1       0                               0D     44
     144      61       0       0   10000       0       0       000010000D     45
     144       0       0       1       0                PartBody       0D     46
     110      62       0       0       0       0       0       001010001D     47
     110       0       0       1       0                               0D     48
     110      63       0       0       0       0       0       001010001D     49
     110       0       0       1       0                               0D     50
     120      64       0       0       0       0       0       001010001D     51
     120       0       0       1       0                               0D     52
     126      65       0       0       0       0       0       001010001D     53
     126       0       0      24       0                               0D     54
     110      89       0       0       0       0       0       001010001D     55
     110       0       0       1       0                               0D     56
     124      90       0       0       0       0       0       001020201D     57
     124       0       0       1       0                               0D     58
     100      91       0       0       0       0      57       001010001D     59
     100       0       0       1       0                               0D     60
     110      92       0       0       0       0       0       001010001D     61
     110       0       0       1       0                               0D     62
     124      93       0       0       0       0       0       001020201D     63
     124       0       0       1       0                               0D     64
     100      94       0       0       0       0      63       001010001D     65
     100       0       0       1       0                               0D     66
     110      95       0       0       0       0       0       001010001D     67
     110       0       0       1       0                               0D     68
     102      96       0       0       0       0       0       001010001D     69
     102       0       0       1       0                               0D     70
     142      97       0       0       0       0       0       001010001D     71
     142       0       0       1       0                               0D     72
     144      98       0       0   10000       0       0       000010000D     73
     144       0       0       1       0                PartBody       0D     74
     110      99       0       0       0       0       0       001010001D     75
     110       0       0       1       0                               0D     76
     110     100       0       0       0       0       0       001010001D     77
     110       0       0       1       0                               0D     78
     120     101       0       0       0       0       0       001010001D     79
     120       0       0       1       0                               0D     80
     126     102       0       0       0       0       0       001010001D     81
     126       0       0      25       0                               0D     82
     110     127       0       0       0       0       0       001010001D     83
     110       0       0       1       0                               0D     84
     124     128       0       0       0       0       0       001020201D     85
     124       0       0       1       0                               0D     86
     100     129       0       0       0       0      85       001010001D     87
     100       0       0       1       0                               0D     88
     110     130       0       0       0       0       0       001010001D     89
     110       0       0       1       0                               0D     90
     124     131       0       0       0       0       0       001020201D     91
     124       0       0       1       0                               0D     92
     100     132       0       0       0       0      91       001010001D     93
     100       0       0       1       0                               0D     94
     110     133       0       0       0       0       0       001010001D     95
     110       0       0       1       0                               0D     96
     102     134       0       0       0       0       0       001010001D     97
     102       0       0       1       0                               0D     98
     142     135       0       0       0       0       0       001010001D     99
     142       0       0       1       0                               0D    100
     144     136       0       0   10000       0       0       000010000D    101
     144       0       0       1       0                PartBody       0D    102
     110     137       0       0       0       0       0       001010001D    103
     110       0       0       1       0                               0D    104
     110     138       0       0       0       0       0       001010001D    105
     110       0       0       1       0                               0D    106
     120     139       0       0       0       0       0       001010001D    107
     120       0       0       1       0                               0D    108
     110     140       0       0       0       0       0       001010001D    109
     110       0       0       1       0                               0D    110
     124     141       0       0       0       0       0       001020201D    111
     124       0       0       1       0                               0D    112
     100     142       0       0       0       0     111       001010001D    113
     100       0       0       1       0                               0D    114
     110     143       0       0       0       0       0       001010001D    115
     110       0       0       1       0                               0D    116
     124     144       0       0       0       0       0       001020201D    117
     124       0       0       1       0                               0D    118
     100     145       0       0       0       0     117       001010001D    119
     100       0       0       1       0                               0D    120
     110     146       0       0       0       0       0       001010001D    121
     110       0       0       1       0                               0D    122
     126     147       0       0       0       0       0       001010001D    123
     126       0       0      19       0                               0D    124
     102     166       0       0       0       0       0       001010001D    125
     102       0       0       1       0                               0D    126
     142     167       0       0       0       0       0       001010001D    127
     142       0       0       1       0                               0D    128
     144     168       0       0   10000       0       0       000010000D    129
     144       0       0       1       0                PartBody       0D    130
     110     169       0       0       0       0       0       001010001D    131
     110       0       0       1       0                               0D    132
     110     170       0       0       0       0       0       001010001D    133
     110       0       0       1       0                               0D    134
     120     171       0       0       0       0       0       001010001D    135
     120       0       0       1       0                               0D    136
     110     172       0       0       0       0       0       001010001D    137
     110       0       0       1       0                               0D    138
     124     173       0       0       0       0       0       001020201D    139
     124       0       0       1       0                               0D    140
     100     174       0       0       0       0     139       001010001D    141
     100       0       0       1       0                               0D    142
     110     175       0       0       0       0       0       001010001D    143
     110       0       0       1       0                               0D    144
     124     176       0       0       0       0       0       001020201D    145
     124       0       0       1       0                               0D    146
     100     177       0       0       0       0     145       001010001D    147
     100       0       0       1       0                               0D    148
     110     178       0       0       0       0       0       001010001D    149
     110       0       0       1       0                               0D    150
     126     179       0       0       0       0       0       001010001D    151
     126       0       0      19       0                               0D    152
     102     198       0       0       0       0       0       001010001D    153
     102       0       0       1       0                               0D    154
     142     199       0       0       0       0       0       001010001D    155
     142       0       0       1       0                               0D    156
     144     200       0       0   10000       0       0       000010000D    157
     144       0       0       1       0                PartBody       0D    158
     108     201       0       0       0       0       0       001010001D    159
     108       0       0       1       0                               0D    160
     124     202       0       0       0       0       0       001020201D    161
     124       0       0       1       0                               0D    162
     100     203       0       0       0       0     161       001010001D    163
     100       0       0       1       0                               0D    164
     124     204       0       0       0       0       0       001020201D    165
     124       0       0       1       0                               0D    166
     100     205       0       0       0       0     165       001010001D    167
     100       0       0       1       0                               0D    168
     102     206       0       0       0       0       0       001010001D    169
     102       0       0       1       0                               0D    170
     142     207       0       0       0       0       0       001010001D    171
     142       0       0       1       0                               0D    172
     124     208       0       0       0       0       0       001020201D    173
     124       0       0       1       0                               0D    174
     100     209       0       0       0       0     173       001010001D    175
     100       0       0       1       0                               0D    176
     124     210       0       0       0       0       0       001020201D    177
     124       0       0       1       0                               0D    178
     100     211       0       0       0       0     177       001010001D    179
     100       0       0       1       0                               0D    180
     102     212       0       0       0       0       0       001010001D    181
     102       0       0       1       0                               0D    182
     142     213       0       0       0       0       0       001010001D    183
     142       0       0       1       0                               0D    184
     144     214       0       0   10000       0       0       000010000D    185
     144       0       0       1       0                PartBody       0D    186
     110     215       0       0       0       0       0       001010001D    187
     110       0       0       1       0                               0D    188
     110     216       0       0       0       0       0       001010001D    189
     110       0       0       2       0                               0D    190
     120     218       0       0       0       0       0       001010001D    191
     120       0       0       1       0                               0D    192
     126     219       0       0       0       0       0       001010001D    193
     126       0       0      22       0                               0D    194
     110     241       0       0       0       0       0       001010001D    195
     110       0       0       1       0                               0D    196
     102     242       0       0       0       0       0       001010001D    197
     102       0       0       1       0                               0D    198
     142     243       0       0       0       0       0       001010001D    199
     142       0       0       1       0                               0D    200
     144     244       0       0   10000       0       0       000010000D    201
     144       0       0       1       0                PartBody       0D    202
     110     245       0       0       0       0       0       001010001D    203
     110       0       0       1       0                               0D    204
     110     246       0       0       0       0       0       001010001D    205
     110       0       0       1       0                               0D    206
     120     247       0       0       0       0       0       001010001D    207
     120       0       0       1       0                               0D    208
     126     248       0       0       0       0       0       001010001D    209
     126       0       0      22       0                               0D    210
     110     270       0       0       0       0       0       001010001D    211
     110       0       0       1       0                               0D    212
     102     271       0       0       0       0       0       001010001D    213
     102       0       0       1       0                               0D    214
     142     272       0       0       0       0       0       001010001D    215
     142       0       0       1       0                               0D    216
     144     273       0       0   10000       0       0       000010000D    217
     144       0       0       1       0                PartBody       0D    218
     110     274       0       0       0       0       0       001010001D    219
     110       0       0       1       0                               0D    220
     110     275       0       0       0       0       0       001010001D    221
     110       0       0       1       0                               0D    222
     120     276       0       0       0       0       0       001010001D    223
     120       0       0       1       0                               0D    224
     110     277       0       0       0       0       0       001010001D    225
     110       0       0       1       0                               0D    226
     124     278       0       0       0       0       0       001020201D    227
     124       0       0       1       0                               0D    228
     100     279       0       0       0       0     227       001010001D    229
     100       0       0       1       0                               0D    230
     110     280       0       0       0       0       0       001010001D    231
     110       0       0       1       0                               0D    232
     124     281       0       0       0       0       0       001020201D    233
     124       0       0       1       0                               0D    234
     100     282       0       0       0       0     233       001010001D    235
     100       0       0       1       0                               0D    236
     102     283       0       0       0       0       0       001010001D    237
     102       0       0       1       0                               0D    238
     142     284       0       0       0       0       0       001010001D    239
     142       0       0       1       0                               0D    240
     126     285       0       0       0       0       0       001010001D    241
     126       0       0      22       0                               0D    242
     126     307       0       0       0       0       0       001010001D    243
     126       0       0      22       0                               0D    244
     102     329       0       0       0       0       0       001010001D    245
     102       0       0       1       0                               0D    246
     142     330       0       0       0       0       0       001010001D    247
     142       0       0       1       0                               0D    248
     144     331       0       0   10000       0       0       000010000D    249
     144       0       0       1       0                PartBody       0D    250
     110     332       0       0       0       0       0       001010001D    251
     110       0       0       1       0                               0D    252
     110     333       0       0       0       0       0       001010001D    253
     110       0       0       1       0                               0D    254
     120     334       0       0       0       0       0       001010001D    255
     120       0       0       1       0                               0D    256
     124     335       0       0       0       0       0       001020201D    257
     124       0       0       1       0                               0D    258
     100     336       0       0       0       0     257       001010001D    259
     100       0       0       1       0                               0D    260
     110     337       0       0       0       0       0       001010001D    261
     110       0       0       1       0                               0D    262
     124     338       0       0       0       0       0       001020201D    263
     124       0       0       1       0                               0D    264
     100     339       0       0       0       0     263       001010001D    265
     100       0       0       1       0                               0D    266
     110     340       0       0       0       0       0       001010001D    267
     110       0       0       1       0                               0D    268
     102     341       0       0       0       0       0       001010001D    269
     102       0       0       1       0                               0D    270
     142     342       0       0       0       0       0       001010001D    271
     142       0       0       1       0                               0D    272
     126     343       0       0       0       0       0       001010001D    273
     126       0       0      25       0                               0D    274
     126     368       0       0       0       0       0       001010001D    275
     126       0       0      24       0                               0D    276
     102     392       0       0       0       0       0       001010001D    277
     102       0       0       1       0                               0D    278
     142     393       0       0       0       0       0       001010001D    279
     142       0       0       1       0                               0D    280
     144     394       0       0   10000       0       0       000010000D    281
     144       0       0       1       0                PartBody       0D    282
     108     395       0       0       0       0       0       001010001D    283
     108       0       0       1       0                               0D    284
     124     396       0       0       0       0       0       001020201D    285
     124       0       0       1       0                               0D    286
     100     397       0       0       0       0     285       001010001D    287
     100       0       0       1       0                               0D    288
     124     398       0       0       0       0       0       001020201D    289
     124       0       0       1       0                               0D    290
     100     399       0       0       0       0     289       001010001D    291
     100       0       0       1       0                               0D    292
     102     400       0       0       0       0       0       001010001D    293
     102       0       0       1       0                               0D    294
     142     401       0       0       0       0       0       001010001D    295
     142       0       0       1       0                               0D    296
     124     402       0       0       0       0       0       001020201D    297
     124       0       0       1       0                               0D    298
     100     403       0       0       0       0     297       001010001D    299
     100       0       0       1       0                               0D    300
     124     404       0       0       0       0       0       001020201D    301
     124       0       0       1       0                               0D    302
     100     405       0       0       0       0     301       001010001D    303
     100       0       0       1       0                               0D    304
     102     406       0       0       0       0       0       001010001D    305
     102       0       0       1       0                               0D    306
     142     407       0       0       0       0       0       001010001D    307
     142       0       0       1       0                               0D    308
     144     408       0       0   10000       0       0       000010000D    309
     144       0       0       1       0                PartBody       0D    310
     108     409       0       0       0       0       0       001010001D    311
     108       0       0       1       0                               0D    312
     124     410       0       0       0       0       0       001020201D    313
     124       0       0       1       0                               0D    314
     100     411       0       0       0       0     313       001010001D    315
     100       0       0       1       0                               0D    316
     124     412       0       0       0       0       0       001020201D    317
     124       0       0       1       0                               0D    318
     100     413       0       0       0       0     317       001010001D    319
     100       0       0       1       0                               0D    320
     102     414       0       0       0       0       0       001010001D    321
     102       0       0       1       0                               0D    322
     142     415       0       0       0       0       0       001010001D    323
     142       0       0       1       0                               0D    324
     124     416       0       0       0       0       0       001020201D    325
     124       0       0       1       0                               0D    326
     100     417       0       0       0       0     325       001010001D    327
     100       0       0       1       0                               0D    328
     124     418       0       0       0       0       0       001020201D    329
     124       0       0       1       0                               0D    330
     100     419       0       0       0       0     329       001010001D    331
     100       0       0       1       0                               0D    332
     102     420       0       0       0       0       0       001010001D    333
     102       0       0       1       0                               0D    334
     142     421       0       0       0       0       0       001010001D    335
     142       0       0       1       0                               0D    336
     144     422       0       0   10000       0       0       000010000D    337
     144       0       0       1       0                PartBody       0D    338
     110     423       0       0       0       0       0       001010001D    339
     110       0       0       1       0                               0D    340
     110     424       0       0       0       0       0       001010001D    341
     110       0       0       1       0                               0D    342
     120     425       0       0       0       0       0       001010001D    343
     120       0       0       1       0                               0D    344
     110     426       0       0       0       0       0       001010001D    345
     110       0       0       1       0                               0D    346
     124     427       0       0       0       0       0       001020201D    347
     124       0       0       1       0                               0D    348
     100     428       0       0       0       0     347       001010001D    349
     100       0       0       1       0                               0D    350
     110     429       0       0       0       0       0       001010001D    351
     110       0       0       1       0                               0D    352
     124     430       0       0       0       0       0       001020201D    353
     124       0       0       1       0                               0D    354
     100     431       0       0       0       0     353       001010001D    355
     100       0       0       1       0                               0D    356
     102     432       0       0       0       0       0       001010001D    357
     102       0       0       1       0                               0D    358
     142     433       0       0       0       0       0       001010001D    359
     142       0       0       1       0                               0D    360
     144     434       0       0   10000       0       0       000010000D    361
     144       0       0       1       0                PartBody       0D    362
     110     435       0       0       0       0       0       001010001D    363
     110       0       0       1       0                               0D    364
     110     436       0       0       0       0       0       001010001D    365
     110       0       0       1       0                               0D    366
     120     437       0       0       0       0       0       001010001D    367
     120       0       0       1       0                               0D    368
     124     438       0       0       0       0       0       001020201D    369
     124       0       0       1       0                               0D    370
     100     439       0       0       0       0     369       001010001D    371
     100       0       0       1       0                               0D    372
     110     440       0       0       0       0       0       001010001D    373
     110       0       0       1       0                               0D    374
     124     441       0       0       0       0       0       001020201D    375
     124       0       0       1       0                               0D    376
     100     442       0       0       0       0     375       001010001D    377
     100       0       0       1       0                               0D    378
     110     443       0       0       0       0       0       001010001D    379
     110       0       0       1       0                               0D    380
     102     444       0       0       0       0       0       001010001D    381
     102       0       0       1       0                               0D    382
     142     445       0       0       0       0       0       001010001D    383
     142       0       0       1       0                               0D    384
     144     446       0       0   10000       0       0       000010000D    385
     144       0       0       1       0                PartBody       0D    386
     406     447       0       0       0       0       0       000010201D    387
     406       0       0       1      15                               0D    388
     308     448       0       0       0       0       0       000010200D    389
     308       0       0       2       0                               0D    390
     406     450       0       0       0       0       0       000010201D    391
     406       0       0       1      15                               0D    392
     408     451       0       0       0       0       1       000000000D    393
     408       0       0       1       0                               0D    394
     124     452       0       0       0       0       0       000000000D    395
     124       0       0       2       0                               0D    396
     110     454       0       0       0       0       0       001010001D    397
     110       0       0       1       0                               0D    398
     110     455       0       0       0       0       0       001010001D    399
     110       0       0       2       0                               0D    400
     120     457       0       0       0       0       0       001010001D    401
     120       0       0       1       0                               0D    402
     126     458       0       0       0       0       0       001010001D    403
     126       0       0       8       0                               0D    404
     110     466       0       0       0       0       0       001010001D    405
     110       0       0       1       0                               0D    406
     126     467       0       0       0       0       0       001010001D    407
     126       0       0      11       0                               0D    408
     110     478       0       0       0       0       0       001010001D    409
     110       0       0       1       0                               0D    410
     102     479       0       0       0       0       0       001010001D    411
     102       0       0       1       0                               0D    412
     142     480       0       0       0       0       0       001010001D    413
     142       0       0       1       0                               0D    414
     144     481       0       0   10000       0       0       000010000D    415
     144       0       0       1       0                PartBody       0D    416
     110     482       0       0       0       0       0       001010001D    417
     110       0       0       1       0                               0D    418
     110     483       0       0       0       0       0       001010001D    419
     110       0       0       1       0                               0D    420
     120     484       0       0       0       0       0       001010001D    421
     120       0       0       1       0                               0D    422
     110     485       0       0       0       0       0       001010001D    423
     110       0       0       1       0                               0D    424
     124     486       0       0       0       0       0       001020201D    425
     124       0       0       1       0                               0D    426
     100     487       0       0       0       0     425       001010001D    427
     100       0       0       1       0                               0D    428
     110     488       0       0       0       0       0       001010001D    429
     110       0       0       1       0                               0D    430
     124     489       0       0       0       0       0       001020201D    431
     124       0       0       1       0                               0D    432
     100     490       0       0       0       0     431       001010001D    433
     100       0       0       1       0                               0D    434
     102     491       0       0       0       0       0       001010001D    435
     102       0       0       1       0                               0D    436
     142     492       0       0       0       0       0       001010001D    437
     142       0       0       1       0                               0D    438
     126     493       0       0       0       0       0       001010001D    439
     126       0       0       8       0                               0D    440
     126     501       0       0       0       0       0       001010001D    441
     126       0       0       8       0                               0D    442
     102     509       0       0       0       0       0       001010001D    443
     102       0       0       1       0                               0D    444
     142     510       0       0       0       0       0       001010001D    445
     142       0       0       1       0                               0D    446
     144     511       0       0   10000       0       0       000010000D    447
     144       0       0       1       0                PartBody       0D    448
     110     512       0       0       0       0       0       001010001D    449
     110       0       0       1       0                               0D    450
     110     513       0       0       0       0       0       001010001D    451
     110       0       0       1       0                               0D    452
     120     514       0       0       0       0       0       001010001D    453
     120       0       0       1       0                               0D    454
     110     515       0       0       0       0       0       001010001D    455
     110       0       0       1       0                               0D    456
     124     516       0       0       0       0       0       001020201D    457
     124       0       0       1       0                               0D    458
     100     517       0       0       0       0     457       001010001D    459
     100       0       0       1       0                               0D    460
     110     518       0       0       0       0       0       001010001D    461
     110       0       0       1       0                               0D    462
     124     519       0       0       0       0       0       001020201D    463
     124       0       0       1       0                               0D    464
     100     520       0       0       0       0     463       001010001D    465
     100       0       0       1       0                               0D    466
     102     521       0       0       0       0       0       001010001D    467
     102       0       0       1       0                               0D    468
     142     522       0       0       0       0       0       001010001D    469
     142       0       0       1       0                               0D    470
     126     523       0       0       0       0       0       001010001D    471
     126       0       0      11       0                               0D    472
     126     534       0       0       0       0       0       001010001D    473
     126       0       0      11       0                               0D    474
     102     545       0       0       0       0       0       001010001D    475
     102       0       0       1       0                               0D    476
     142     546       0       0       0       0       0       001010001D    477
     142       0       0       1       0                               0D    478
     144     547       0       0   10000       0       0       000010000D    479
     144       0       0       1       0                PartBody       0D    480
     108     548       0       0       0       0       0       001010001D    481
     108       0       0       1       0                               0D    482
     124     549       0       0       0       0       0       001020201D    483
     124       0       0       1       0                               0D    484
     100     550       0       0       0       0     483       001010001D    485
     100       0       0       1       0                               0D    486
     124     551       0       0       0       0       0       001020201D    487
     124       0       0       1       0                               0D    488
     100     552       0       0       0       0     487       001010001D    489
     100       0       0       1       0                               0D    490
     102     553       0       0       0       0       0       001010001D    491
     102       0       0       1       0                               0D    492
     142     554       0       0       0       0       0       001010001D    493
     142       0       0       1       0                               0D    494
     124     555       0       0       0       0       0       001020201D    495
     124       0       0       1       0                               0D    496
     100     556       0       0       0       0     495       001010001D    497
     100       0       0       1       0                               0D    498
     124     557       0       0       0       0       0       001020201D    499
     124       0       0       1       0                               0D    500
     100     558       0       0       0       0     499       001010001D    501
     100       0       0       1       0                               0D    502
     102     559       0       0       0       0       0       001010001D    503
     102       0       0       1       0                               0D    504
     142     560       0       0       0       0       0       001010001D    505
     142       0       0       1       0                               0D    506
     144     561       0       0   10000       0       0       000010000D    507
     144       0       0       1       0                PartBody       0D    508
     110     562       0       0       0       0       0       001010001D    509
     110       0       0       1       0                               0D    510
     110     563       0       0       0       0       0       001010001D    511
     110       0       0       1       0                               0D    512
     120     564       0       0       0       0       0       001010001D    513
     120       0       0       1       0                               0D    514
     126     565       0       0       0       0       0       001010001D    515
     126       0       0      11       0                               0D    516
     110     576       0       0       0       0       0       001010001D    517
     110       0       0       1       0                               0D    518
     126     577       0       0       0       0       0       001010001D    519
     126       0       0       8       0                               0D    520
     110     585       0       0       0       0       0       001010001D    521
     110       0       0       1       0                               0D    522
     102     586       0       0       0       0       0       001010001D    523
     102       0       0       1       0                               0D    524
     142     587       0       0       0       0       0       001010001D    525
     142       0       0       1       0                               0D    526
     144     588       0       0   10000       0       0       000010000D    527
     144       0       0       1       0                PartBody       0D    528
     110     589       0       0       0       0       0       001010001D    529
     110       0       0       1       0                               0D    530
     110     590       0       0       0       0       0       001010001D    531
     110       0       0       2       0                               0D    532
     120     592       0       0       0       0       0       001010001D    533
     120       0       0       1       0                               0D    534
     126     593       0       0       0       0       0       001010001D    535
     126       0       0      11       0                               0D    536
     110     604       0       0       0       0       0       001010001D    537
     110       0       0       1       0                               0D    538
     126     605       0       0       0       0       0       001010001D    539
     126       0       0       8       0                               0D    540
     110     613       0       0       0       0       0       001010001D    541
     110       0       0       1       0                               0D    542
     102     614       0       0       0       0       0       001010001D    543
     102       0       0       1       0                               0D    544
     142     615       0       0       0       0       0       001010001D    545
     142       0       0       1       0                               0D    546
     144     616       0       0   10000       0       0       000010000D    547
     144       0       0       1       0                PartBody       0D    548
     110     617       0       0       0       0       0       001010001D    549
     110       0       0       1       0                               0D    550
     110     618       0       0       0       0       0       001010001D    551
     110       0       0       1       0                               0D    552
     120     619       0       0       0       0       0       001010001D    553
     120       0       0       1       0                               0D    554
     124     620       0       0       0       0       0       001020201D    555
     124       0       0       1       0                               0D    556
     100     621       0       0       0       0     555       001010001D    557
     100       0       0       1       0                               0D    558
     110     622       0       0       0       0       0       001010001D    559
     110       0       0       1       0                               0D    560
     124     623       0       0       0       0       0       001020201D    561
     124       0       0       1       0                               0D    562
     100     624       0       0       0       0     561       001010001D    563
     100       0       0       1       0                               0D    564
     110     625       0       0       0       0       0       001010001D    565
     110       0       0       1       0                               0D    566
     102     626       0       0       0       0       0       001010001D    567
     102       0       0       1       0                               0D    568
     142     627       0       0       0       0       0       001010001D    569
     142       0       0       1       0                               0D    570
     126     628       0       0       0       0       0       001010001D    571
     126       0       0       8       0                               0D    572
     126     636       0       0       0       0       0       001010001D    573
     126       0       0       8       0                               0D    574
     102     644       0       0       0       0       0       001010001D    575
     102       0       0       1       0                               0D    576
     142     645       0       0       0       0       0       001010001D    577
     142       0       0       1       0                               0D    578
     144     646       0       0   10000       0       0       000010000D    579
     144       0       0       1       0                PartBody       0D    580
     108     647       0       0       0       0       0       001010001D    581
     108       0       0       1       0                               0D    582
     124     648       0       0       0       0       0       001020201D    583
     124       0       0       1       0                               0D    584
     100     649       0       0       0       0     583       001010001D    585
     100       0       0       1       0                               0D    586
     124     650       0       0       0       0       0       001020201D    587
     124       0       0       1       0                               0D    588
     100     651       0       0       0       0     587       001010001D    589
     100       0       0       1       0                               0D    590
     102     652       0       0       0       0       0       001010001D    591
     102       0       0       1       0                               0D    592
     142     653       0       0       0       0       0       001010001D    593
     142       0       0       1       0                               0D    594
     124     654       0       0       0       0       0       001020201D    595
     124       0       0       1       0                               0D    596
     100     655       0       0       0       0     595       001010001D    597
     100       0       0       1       0                               0D    598
     124     656       0       0       0       0       0       001020201D    599
     124       0       0       1       0                               0D    600
     100     657       0       0       0       0     599       001010001D    601
     100       0       0       1       0                               0D    602
     102     658       0       0       0       0       0       001010001D    603
     102       0       0       1       0                               0D    604
     142     659       0       0       0       0       0       001010001D    605
     142       0       0       1       0                               0D    606
     144     660       0       0   10000       0       0       000010000D    607
     144       0       0       1       0                PartBody       0D    608
     110     661       0       0       0       0       0       001010001D    609
     110       0       0       1       0                               0D    610
     110     662       0       0       0       0       0       001010001D    611
     110       0       0       1       0                               0D    612
     120     663       0       0       0       0       0       001010001D    613
     120       0       0       1       0                               0D    614
     124     664       0       0       0       0       0       001020201D    615
     124       0       0       1       0                               0D    616
     100     665       0       0       0       0     615       001010001D    617
     100       0       0       1       0                               0D    618
     110     666       0       0       0       0       0       001010001D    619
     110       0       0       1       0                               0D    620
     124     667       0       0       0       0       0       001020201D    621
     124       0       0       1       0                               0D    622
     100     668       0       0       0       0     621       001010001D    623
     100       0       0       1       0                               0D    624
     110     669       0       0       0       0       0       001010001D    625
     110       0       0       1       0                               0D    626
     102     670       0       0       0       0       0       001010001D    627
     102       0       0       1       0                               0D    628
     142     671       0       0       0       0       0       001010001D    629
     142       0       0       1       0                               0D    630
     126     672       0       0       0       0       0       001010001D    631
     126       0       0      11       0                               0D    632
     126     683       0       0       0       0       0       001010001D    633
     126       0       0      11       0                               0D    634
     102     694       0       0       0       0       0       001010001D    635
     102       0       0       1       0                               0D    636
     142     695       0       0       0       0       0       001010001D    637
     142       0       0       1       0                               0D    638
     144     696       0       0   10000       0       0       000010000D    639
     144       0       0       1       0                PartBody       0D    640
     110     697       0       0       0       0       0       001010001D    641
     110       0       0       1       0                               0D    642
     110     698       0       0       0       0       0       001010001D    643
     110       0       0       1       0                               0D    644
     120     699       0       0       0       0       0       001010001D    645
     120       0       0       1       0                               0D    646
     126     700       0       0       0       0       0       001010001D    647
     126       0       0       8       0                               0D    648
     110     708       0       0       0       0       0       001010001D    649
     110       0       0       1       0                               0D    650
     126     709       0       0       0       0       0       001010001D    651
     126       0       0      11       0                               0D    652
     110     720       0       0       0       0       0       001010001D    653
     110       0       0       1       0                               0D    654
     102     721       0       0       0       0       0       001010001D    655
     102       0       0       1       0                               0D    656
     142     722       0       0       0       0       0       001010001D    657
     142       0       0       1       0                               0D    658
     144     723       0       0   10000       0       0       000010000D    659
     144       0       0       1       0                PartBody       0D    660
     308     724       0       0       0       0       0       000010200D    661
     308       0       0       1       0                Collar         0D    662
     408     725       0       0       0       0     395       000000000D    663
     408       0       0       1       0                Collar.1       0D    664
     124     726       0       0       0       0       0       000000000D    665
     124       0       0       3       0                               0D    666
     110     729       0       0       0       0       0       001010001D    667
     110       0       0       1       0                               0D    668
     110     730       0       0       0       0       0       001010001D    669
     110       0       0       2       0                               0D    670
     120     732       0       0       0       0       0       001010001D    671
     120       0       0       1       0                               0D    672
     124     733       0       0       0       0       0       001020201D    673
     124       0       0       2       0                               0D    674
     100     735       0       0       0       0     673       001010001D    675
     100       0       0       1       0                               0D    676
     110     736       0       0       0       0       0       001010001D    677
     110       0       0       2       0                               0D    678
     124     738       0       0       0       0       0       001020201D    679
     124       0       0       2       0                               0D    680
     100     740       0       0       0       0     679       001010001D    681
     100       0       0       1       0                               0D    682
     110     741       0       0       0       0       0       001010001D    683
     110       0       0       2       0                               0D    684
     102     743       0       0       0       0       0       001010001D    685
     102       0       0       1       0                               0D    686
     142     744       0       0       0       0       0       001010001D    687
     142       0       0       1       0                               0D    688
     144     745       0       0   10000       0       0       000010000D    689
     144       0       0       1       0                PartBody       0D    690
     110     746       0       0       0       0       0       001010001D    691
     110       0       0       1       0                               0D    692
     110     747       0       0       0       0       0       001010001D    693
     110       0       0       1       0                               0D    694
     124     748       0       0       0       0       0       001020201D    695
     124       0       0       2       0                               0D    696
     100     750       0       0       0       0     695       001010001D    697
     100       0       0       1       0                               0D    698
     110     751       0       0       0       0       0       001010001D    699
     110       0       0       1       0                               0D    700
     102     752       0       0       0       0       0       001010001D    701
     102       0       0       1       0                               0D    702
     142     753       0       0       0       0       0       001010001D    703
     142       0       0       1       0                               0D    704
     124     754       0       0       0       0       0       001020201D    705
     124       0       0       2       0                               0D    706
     100     756       0       0       0       0     705       001010001D    707
     100       0       0       1       0                               0D    708
     124     757       0       0       0       0       0       001020201D    709
     124       0       0       2       0                               0D    710
     100     759       0       0       0       0     709       001010001D    711
     100       0       0       1       0                               0D    712
     102     760       0       0       0       0       0       001010001D    713
     102       0       0       1       0                               0D    714
     142     761       0       0       0       0       0       001010001D    715
     142       0       0       1       0                               0D    716
     144     762       0       0   10000       0       0       000010000D    717
     144       0       0       1       0                PartBody       0D    718
     108     763       0       0       0       0       0       001010001D    719
     108       0       0       2       0                               0D    720
     110     765       0       0       0       0       0       001010001D    721
     110       0       0       1       0                               0D    722
     110     766       0       0       0       0       0       001010001D    723
     110       0       0       2       0                               0D    724
     110     768       0       0       0       0       0       001010001D    725
     110       0       0       1       0                               0D    726
     110     769       0       0       0       0       0       001010001D    727
     110       0       0       1       0                               0D    728
     102     770       0       0       0       0       0       001010001D    729
     102       0       0       1       0                               0D    730
     142     771       0       0       0       0       0       001010001D    731
     142       0       0       1       0                               0D    732
     144     772       0       0   10000       0       0       000010000D    733
     144       0       0       1       0                PartBody       0D    734
     110     773       0       0       0       0       0       001010001D    735
     110       0       0       1       0                               0D    736
     110     774       0       0       0       0       0       001010001D    737
     110       0       0       2       0                               0D    738
     120     776       0       0       0       0       0       001010001D    739
     120       0       0       1       0                               0D    740
     124     777       0       0       0       0       0       001020201D    741
     124       0       0       2       0                               0D    742
     100     779       0       0       0       0     741       001010001D    743
     100       0       0       1       0                               0D    744
     110     780       0       0       0       0       0       001010001D    745
     110       0       0       2       0                               0D    746
     124     782       0       0       0       0       0       001020201D    747
     124       0       0       2       0                               0D    748
     100     784       0       0       0       0     747       001010001D    749
     100       0       0       1       0                               0D    750
     110     785       0       0       0       0       0       001010001D    751
     110       0       0       2       0                               0D    752
     102     787       0       0       0       0       0       001010001D    753
     102       0       0       1       0                               0D    754
     142     788       0       0       0       0       0       001010001D    755
     142       0       0       1       0                               0D    756
     144     789       0       0   10000       0       0       000010000D    757
     144       0       0       1       0                PartBody       0D    758
     108     790       0       0       0       0       0       001010001D    759
     108       0       0       2       0                               0D    760
     110     792       0       0       0       0       0       001010001D    761
     110       0       0       1       0                               0D    762
     110     793       0       0       0       0       0       001010001D    763
     110       0       0       1       0                               0D    764
     110     794       0       0       0       0       0       001010001D    765
     110       0       0       1       0                               0D    766
     110     795       0       0       0       0       0       001010001D    767
     110       0       0       2       0                               0D    768
     102     797       0       0       0       0       0       001010001D    769
     102       0       0       1       0                               0D    770
     142     798       0       0       0       0       0       001010001D    771
     142       0       0       1       0                               0D    772
     144     799       0       0   10000       0       0       000010000D    773
     144       0       0       1       0                PartBody       0D    774
     110     800       0       0       0       0       0       001010001D    775
     110       0       0       1       0                               0D    776
     124     801       0       0       0       0       0       001020201D    777
     124       0       0       2       0                               0D    778
     100     803       0       0       0       0     777       001010001D    779
     100       0       0       1       0                               0D    780
     110     804       0       0       0       0       0       001010001D    781
     110       0       0       1       0                               0D    782
     110     805       0       0       0       0       0       001010001D    783
     110       0       0       1       0                               0D    784
     102     806       0       0       0       0       0       001010001D    785
     102       0       0       1       0                               0D    786
     142     807       0       0       0       0       0       001010001D    787
     142       0       0       1       0                               0D    788
     124     808       0       0       0       0       0       001020201D    789
     124       0       0       2       0                               0D    790
     100     810       0       0       0       0     789       001010001D    791
     100       0       0       1       0                               0D    792
     124     811       0       0       0       0       0       001020201D    793
     124       0       0       2       0                               0D    794
     100     813       0       0       0       0     793       001010001D    795
     100       0       0       1       0                               0D    796
     102     814       0       0       0       0       0       001010001D    797
     102       0       0       1       0                               0D    798
     142     815       0       0       0       0       0       001010001D    799
     142       0       0       1       0                               0D    800
     144     816       0       0   10000       0       0       000010000D    801
     144       0       0       1       0                PartBody       0D    802
     110     817       0       0       0       0       0       001010001D    803
     110       0       0       1       0                               0D    804
     110     818       0       0       0       0       0       001010001D    805
     110       0       0       2       0                               0D    806
     120     820       0       0       0       0       0       001010001D    807
     120       0       0       1       0                               0D    808
     124     821       0       0       0       0       0       001020201D    809
     124       0       0       2       0                               0D    810
     100     823       0       0       0       0     809       001010001D    811
     100       0       0       1       0                               0D    812
     110     824       0       0       0       0       0       001010001D    813
     110       0       0       2       0                               0D    814
     124     826       0       0       0       0       0       001020201D    815
     124       0       0       2       0                               0D    816
     100     828       0       0       0       0     815       001010001D    817
     100       0       0       1       0                               0D    818
     110     829       0       0       0       0       0       001010001D    819
     110       0       0       2       0                               0D    820
     102     831       0       0       0       0       0       001010001D    821
     102       0       0       1       0                               0D    822
     142     832       0       0       0       0       0       001010001D    823
     142       0       0       1       0                               0D    824
     144     833       0       0   10000       0       0       000010000D    825
     144       0       0       1       0                PartBody       0D    826
     110     834       0       0       0       0       0       001010001D    827
     110       0       0       1       0                               0D    828
     110     835       0       0       0       0       0       001010001D    829
     110       0       0       2       0                               0D    830
     120     837       0       0       0       0       0       001010001D    831
     120       0       0       1       0                               0D    832
     124     838       0       0       0       0       0       001020201D    833
     124       0       0       2       0                               0D    834
     100     840       0       0       0       0     833       001010001D    835
     100       0       0       1       0                               0D    836
     110     841       0       0       0       0       0       001010001D    837
     110       0       0       2       0                               0D    838
     124     843       0       0       0       0       0       001020201D    839
     124       0       0       2       0                               0D    840
     100     845       0       0       0       0     839       001010001D    841
     100       0       0       1       0                               0D    842
     110     846       0       0       0       0       0       001010001D    843
     110       0       0       2       0                               0D    844
     102     848       0       0       0       0       0       001010001D    845
     102       0       0       1       0                               0D    846
     142     849       0       0       0       0       0       001010001D    847
     142       0       0       1       0                               0D    848
     144     850       0       0   10000       0       0       000010000D    849
     144       0       0       1       0                PartBody       0D    850
     110     851       0       0       0       0       0       001010001D    851
     110       0       0       1       0                               0D    852
     110     852       0       0       0       0       0       001010001D    853
     110       0       0       1       0                               0D    854
     120     853       0       0       0       0       0       001010001D    855
     120       0       0       1       0                               0D    856
     124     854       0       0       0       0       0       001020201D    857
     124       0       0       1       0                               0D    858
     100     855       0       0       0       0     857       001010001D    859
     100       0       0       1       0                               0D    860
     110     856       0       0       0       0       0       001010001D    861
     110       0       0       1       0                               0D    862
     124     857       0       0       0       0       0       001020201D    863
     124       0       0       1       0                               0D    864
     100     858       0       0       0       0     863       001010001D    865
     100       0       0       1       0                               0D    866
     110     859       0       0       0       0       0       001010001D    867
     110       0       0       1       0                               0D    868
     102     860       0       0       0       0       0       001010001D    869
     102       0       0       1       0                               0D    870
     142     861       0       0       0       0       0       001010001D    871
     142       0       0       1       0                               0D    872
     144     862       0       0   10000       0       0       000010000D    873
     144       0       0       1       0                PartBody       0D    874
     110     863       0       0       0       0       0       001010001D    875
     110       0       0       1       0                               0D    876
     110     864       0       0       0       0       0       001010001D    877
     110       0       0       1       0                               0D    878
     120     865       0       0       0       0       0       001010001D    879
     120       0       0       1       0                               0D    880
     124     866       0       0       0       0       0       001020201D    881
     124       0       0       1       0                               0D    882
     100     867       0       0       0       0     881       001010001D    883
     100       0       0       1       0                               0D    884
     110     868       0       0       0       0       0       001010001D    885
     110       0       0       1       0                               0D    886
     124     869       0       0       0       0       0       001020201D    887
     124       0       0       1       0                               0D    888
     100     870       0       0       0       0     887       001010001D    889
     100       0       0       1       0                               0D    890
     110     871       0       0       0       0       0       001010001D    891
     110       0       0       1       0                               0D    892
     102     872       0       0       0       0       0       001010001D    893
     102       0       0       1       0                               0D    894
     142     873       0       0       0       0       0       001010001D    895
     142       0       0       1       0                               0D    896
     144     874       0       0   10000       0       0       000010000D    897
     144       0       0       1       0                PartBody       0D    898
     108     875       0       0       0       0       0       001010001D    899
     108       0       0       1       0                               0D    900
     124     876       0       0       0       0       0       001020201D    901
     124       0       0       1       0                               0D    902
     100     877       0       0       0       0     901       001010001D    903
     100       0       0       1       0                               0D    904
     110     878       0       0       0       0       0       001010001D    905
     110       0       0       1       0                               0D    906
     110     879       0       0       0       0       0       001010001D    907
     110       0       0       1       0                               0D    908
     110     880       0       0       0       0       0       001010001D    909
     110       0       0       1       0                               0D    910
     102     881       0       0       0       0       0       001010001D    911
     102       0       0       1       0                               0D    912
     142     882       0       0       0       0       0       001010001D    913
     142       0       0       1       0                               0D    914
     144     883       0       0   10000       0       0       000010000D    915
     144       0       0       1       0                PartBody       0D    916
     124     884       0       0       0       0       0       001020201D    917
     124       0       0       1       0                               0D    918
     100     885       0       0       0       0     917       001010001D    919
     100       0       0       1       0                               0D    920
     110     886       0       0       0       0       0       001010001D    921
     110       0       0       1       0                               0D    922
     110     887       0       0       0       0       0       001010001D    923
     110       0       0       1       0                               0D    924
     110     888       0       0       0       0       0       001010001D    925
     110       0       0       1       0                               0D    926
     102     889       0       0       0       0       0       001010001D    927
     102       0       0       1       0                               0D    928
     142     890       0       0       0       0       0       001010001D    929
     142       0       0       1       0                               0D    930
     144     891       0       0   10000       0       0       000010000D    931
     144       0       0       1       0                PartBody       0D    932
     108     892       0       0       0       0       0       001010001D    933
     108       0       0       1       0                               0D    934
     110     893       0       0       0       0       0       001010001D    935
     110       0       0       1       0                               0D    936
     110     894       0       0       0       0       0       001010001D    937
     110       0       0       1       0                               0D    938
     110     895       0       0       0       0       0       001010001D    939
     110       0       0       1       0                               0D    940
     110     896       0       0       0       0       0       001010001D    941
     110       0       0       1       0                               0D    942
     124     897       0       0       0       0       0       001020201D    943
     124       0       0       2       0                               0D    944
     100     899       0       0       0       0     943       001010001D    945
     100       0       0       1       0                               0D    946
     110     900       0       0       0       0       0       001010001D    947
     110       0       0       1       0                               0D    948
     102     901       0       0       0       0       0       001010001D    949
     102       0       0       1       0                               0D    950
     142     902       0       0       0       0       0       001010001D    951
     142       0       0       1       0                               0D    952
     124     903       0       0       0       0       0       001020201D    953
     124       0       0       2       0                               0D    954
     100     905       0       0       0       0     953       001010001D    955
     100       0       0       1       0                               0D    956
     124     906       0       0       0       0       0       001020201D    957
     124       0       0       2       0                               0D    958
     100     908       0       0       0       0     957       001010001D    959
     100       0       0       1       0                               0D    960
     102     909       0       0       0       0       0       001010001D    961
     102       0       0       1       0                               0D    962
     142     910       0       0       0       0       0       001010001D    963
     142       0       0       1       0                               0D    964
     144     911       0       0   10000       0       0       000010000D    965
     144       0       0       1       0                PartBody       0D    966
     110     912       0       0       0       0       0       001010001D    967
     110       0       0       2       0                               0D    968
     110     914       0       0       0       0       0       001010001D    969
     110       0       0       1       0                               0D    970
     110     915       0       0       0       0       0       001010001D    971
     110       0       0       1       0                               0D    972
     110     916       0       0       0       0       0       001010001D    973
     110       0       0       1       0                               0D    974
     102     917       0       0       0       0       0       001010001D    975
     102       0       0       1       0                               0D    976
     142     918       0       0       0       0       0       001010001D    977
     142       0       0       1       0                               0D    978
     144     919       0       0   10000       0       0       000010000D    979
     144       0       0       1       0                PartBody       0D    980
     110     920       0       0       0       0       0       001010001D    981
     110       0       0       1       0                               0D    982
     110     921       0       0       0       0       0       001010001D    983
     110       0       0       2       0                               0D    984
     120     923       0       0       0       0       0       001010001D    985
     120       0       0       1       0                               0D    986
     110     924       0       0       0       0       0       001010001D    987
     110       0       0       2       0                               0D    988
     124     926       0       0       0       0       0       001020201D    989
     124       0       0       2       0                               0D    990
     100     928       0       0       0       0     989       001010001D    991
     100       0       0       1       0                               0D    992
     110     929       0       0       0       0       0       001010001D    993
     110       0       0       2       0                               0D    994
     124     931       0       0       0       0       0       001020201D    995
     124       0       0       2       0                               0D    996
     100     933       0       0       0       0     995       001010001D    997
     100       0       0       1       0                               0D    998
     102     934       0       0       0       0       0       001010001D    999
     102       0       0       1       0                               0D   1000
     142     935       0       0       0       0       0       001010001D   1001
     142       0       0       1       0                               0D   1002
     144     936       0       0   10000       0       0       000010000D   1003
     144       0       0       1       0                PartBody       0D   1004
     110     937       0       0       0       0       0       001010001D   1005
     110       0       0       1       0                               0D   1006
     110     938       0       0       0       0       0       001010001D   1007
     110       0       0       1       0                               0D   1008
     110     939       0       0       0       0       0       001010001D   1009
     110       0       0       2       0                               0D   1010
     110     941       0       0       0       0       0       001010001D   1011
     110       0       0       1       0                               0D   1012
     102     942       0       0       0       0       0       001010001D   1013
     102       0       0       1       0                               0D   1014
     142     943       0       0       0       0       0       001010001D   1015
     142       0       0       1       0                               0D   1016
     144     944       0       0   10000       0       0       000010000D   1017
     144       0       0       1       0                PartBody       0D   1018
     110     945       0       0       0       0       0       001010001D   1019
     110       0       0       1       0                               0D   1020
     110     946       0       0       0       0       0       001010001D   1021
     110       0       0       2       0                               0D   1022
     120     948       0       0       0       0       0       001010001D   1023
     120       0       0       1       0                               0D   1024
     110     949       0       0       0       0       0       001010001D   1025
     110       0       0       2       0                               0D   1026
     124     951       0       0       0       0       0       001020201D   1027
     124       0       0       2       0                               0D   1028
     100     953       0       0       0       0    1027       001010001D   1029
     100       0       0       1       0                               0D   1030
     110     954       0       0       0       0       0       001010001D   1031
     110       0       0       2       0                               0D   1032
     124     956       0       0       0       0       0       001020201D   1033
     124       0       0       2       0                               0D   1034
     100     958       0       0       0       0    1033       001010001D   1035
     100       0       0       1       0                               0D   1036
     102     959       0       0       0       0       0       001010001D   1037
     102       0       0       1       0                               0D   1038
     142     960       0       0       0       0       0       001010001D   1039
     142       0       0       1       0                               0D   1040
     144     961       0       0   10000       0       0       000010000D   1041
     144       0       0       1       0                PartBody       0D   1042
     108     962       0       0       0       0       0       001010001D   1043
     108       0       0       1       0                               0D   1044
     110     963       0       0       0       0       0       001010001D   1045
     110       0       0       1       0                               0D   1046
     110     964       0       0       0       0       0       001010001D   1047
     110       0       0       1       0                               0D   1048
     110     965       0       0       0       0       0       001010001D   1049
     110       0       0       1       0                               0D   1050
     110     966       0       0       0       0       0       001010001D   1051
     110       0       0       1       0                               0D   1052
     110     967       0       0       0       0       0       001010001D   1053
     110       0       0       1       0                               0D   1054
     110     968       0       0       0       0       0       001010001D   1055
     110       0       0       1       0                               0D   1056
     110     969       0       0       0       0       0       001010001D   1057
     110       0       0       1       0                               0D   1058
     102     970       0       0       0       0       0       001010001D   1059
     102       0       0       1       0                               0D   1060
     142     971       0       0       0       0       0       001010001D   1061
     142       0       0       1       0                               0D   1062
     144     972       0       0   10000       0       0       000010000D   1063
     144       0       0       1       0                PartBody       0D   1064
     108     973       0       0       0       0       0       001010001D   1065
     108       0       0       1       0                               0D   1066
     110     974       0       0       0       0       0       001010001D   1067
     110       0       0       1       0                               0D   1068
     110     975       0       0       0       0       0       001010001D   1069
     110       0       0       1       0                               0D   1070
     110     976       0       0       0       0       0       001010001D   1071
     110       0       0       1       0                               0D   1072
     110     977       0       0       0       0       0       001010001D   1073
     110       0       0       1       0                               0D   1074
     110     978       0       0       0       0       0       001010001D   1075
     110       0       0       1       0                               0D   1076
     110     979       0       0       0       0       0       001010001D   1077
     110       0       0       1       0                               0D   1078
     110     980       0       0       0       0       0       001010001D   1079
     110       0       0       1       0                               0D   1080
     102     981       0       0       0       0       0       001010001D   1081
     102       0       0       1       0                               0D   1082
     142     982       0       0       0       0       0       001010001D   1083
     142       0       0       1       0                               0D   1084
     144     983       0       0   10000       0       0       000010000D   1085
     144       0       0       1       0                PartBody       0D   1086
     108     984       0       0       0       0       0       001010001D   1087
     108       0       0       1       0                               0D   1088
     110     985       0       0       0       0       0       001010001D   1089
     110       0       0       1       0                               0D   1090
     124     986       0       0       0       0       0       001020201D   1091
     124       0       0       2       0                               0D   1092
     100     988       0       0       0       0    1091       001010001D   1093
     100       0       0       1       0                               0D   1094
     110     989       0       0       0       0       0       001010001D   1095
     110       0       0       1       0                               0D   1096
     110     990       0       0       0       0       0       001010001D   1097
     110       0       0       1       0                               0D   1098
     110     991       0       0       0       0       0       001010001D   1099
     110       0       0       1       0                               0D   1100
     110     992       0       0       0       0       0       001010001D   1101
     110       0       0       1       0                               0D   1102
     102     993       0       0       0       0       0       001010001D   1103
     102       0       0       1       0                               0D   1104
     142     994       0       0       0       0       0       001010001D   1105
     142       0       0       1       0                               0D   1106
     124     995       0       0       0       0       0       001020201D   1107
     124       0       0       2       0                               0D   1108
     100     997       0       0       0       0    1107       001010001D   1109
     100       0       0       1       0                               0D   1110
     124     998       0       0       0       0       0       001020201D   1111
     124       0       0       2       0                               0D   1112
     100    1000       0       0       0       0    1111       001010001D   1113
     100       0       0       1       0                               0D   1114
     102    1001       0       0       0       0       0       001010001D   1115
     102       0       0       1       0                               0D   1116
     142    1002       0       0       0       0       0       001010001D   1117
     142       0       0       1       0                               0D   1118
     144    1003       0       0   10000       0       0       000010000D   1119
     144       0       0       1       0                PartBody       0D   1120
     110    1004       0       0       0       0       0       001010001D   1121
     110       0       0       1       0                               0D   1122
     110    1005       0       0       0       0       0       001010001D   1123
     110       0       0       2       0                               0D   1124
     120    1007       0       0       0       0       0       001010001D   1125
     120       0       0       1       0                               0D   1126
     124    1008       0       0       0       0       0       001020201D   1127
     124       0       0       2       0                               0D   1128
     100    1010       0       0       0       0    1127       001010001D   1129
     100       0       0       1       0                               0D   1130
     110    1011       0       0       0       0       0       001010001D   1131
     110       0       0       2       0                               0D   1132
     124    1013       0       0       0       0       0       001020201D   1133
     124       0       0       2       0                               0D   1134
     100    1015       0       0       0       0    1133       001010001D   1135
     100       0       0       1       0                               0D   1136
     110    1016       0       0       0       0       0       001010001D   1137
     110       0       0       2       0                               0D   1138
     102    1018       0       0       0       0       0       001010001D   1139
     102       0       0       1       0                               0D   1140
     142    1019       0       0       0       0       0       001010001D   1141
     142       0       0       1       0                               0D   1142
     144    1020       0       0   10000       0       0       000010000D   1143
     144       0       0       1       0                PartBody       0D   1144
     110    1021       0       0       0       0       0       001010001D   1145
     110       0       0       1       0                               0D   1146
     110    1022       0       0       0       0       0       001010001D   1147
     110       0       0       2       0                               0D   1148
     120    1024       0       0       0       0       0       001010001D   1149
     120       0       0       1       0                               0D   1150
     124    1025       0       0       0       0       0       001020201D   1151
     124       0       0       2       0                               0D   1152
     100    1027       0       0       0       0    1151       001010001D   1153
     100       0       0       1       0                               0D   1154
     110    1028       0       0       0       0       0       001010001D   1155
     110       0       0       2       0                               0D   1156
     124    1030       0       0       0       0       0       001020201D   1157
     124       0       0       2       0                               0D   1158
     100    1032       0       0       0       0    1157       001010001D   1159
     100       0       0       1       0                               0D   1160
     110    1033       0       0       0       0       0       001010001D   1161
     110       0       0       1       0                               0D   1162
     102    1034       0       0       0       0       0       001010001D   1163
     102       0       0       1       0                               0D   1164
     142    1035       0       0       0       0       0       001010001D   1165
     142       0       0       1       0                               0D   1166
     144    1036       0       0   10000       0       0       000010000D   1167
     144       0       0       1       0                PartBody       0D   1168
     110    1037       0       0       0       0       0       001010001D   1169
     110       0       0       1       0                               0D   1170
     110    1038       0       0       0       0       0       001010001D   1171
     110       0       0       1       0                               0D   1172
     120    1039       0       0       0       0       0       001010001D   1173
     120       0       0       1       0                               0D   1174
     124    1040       0       0       0       0       0       001020201D   1175
     124       0       0       2       0                               0D   1176
     100    1042       0       0       0       0    1175       001010001D   1177
     100       0       0       1       0                               0D   1178
     110    1043       0       0       0       0       0       001010001D   1179
     110       0       0       2       0                               0D   1180
     124    1045       0       0       0       0       0       001020201D   1181
     124       0       0       2       0                               0D   1182
     100    1047       0       0       0       0    1181       001010001D   1183
     100       0       0       1       0                               0D   1184
     110    1048       0       0       0       0       0       001010001D   1185
     110       0       0       1       0                               0D   1186
     102    1049       0       0       0       0       0       001010001D   1187
     102       0       0       1       0                               0D   1188
     142    1050       0       0       0       0       0       001010001D   1189
     142       0       0       1       0                               0D   1190
     144    1051       0       0   10000       0       0       000010000D   1191
     144       0       0       1       0                PartBody       0D   1192
     108    1052       0       0       0       0       0       001010001D   1193
     108       0       0       1       0                               0D   1194
     124    1053       0       0       0       0       0       001020201D   1195
     124       0       0       1       0                               0D   1196
     100    1054       0       0       0       0    1195       001010001D   1197
     100       0       0       1       0                               0D   1198
     124    1055       0       0       0       0       0       001020201D   1199
     124       0       0       1       0                               0D   1200
     100    1056       0       0       0       0    1199       001010001D   1201
     100       0       0       1       0                               0D   1202
     102    1057       0       0       0       0       0       001010001D   1203
     102       0       0       1       0                               0D   1204
     142    1058       0       0       0       0       0       001010001D   1205
     142       0       0       1       0                               0D   1206
     110    1059       0       0       0       0       0       001010001D   1207
     110       0       0       1       0                               0D   1208
     110    1060       0       0       0       0       0       001010001D   1209
     110       0       0       1       0                               0D   1210
     110    1061       0       0       0       0       0       001010001D   1211
     110       0       0       1       0                               0D   1212
     124    1062       0       0       0       0       0       001020201D   1213
     124       0       0       2       0                               0D   1214
     100    1064       0       0       0       0    1213       001010001D   1215
     100       0       0       1       0                               0D   1216
     124    1065       0       0       0       0       0       001020201D   1217
     124       0       0       2       0                               0D   1218
     100    1067       0       0       0       0    1217       001010001D   1219
     100       0       0       1       0                               0D   1220
     124    1068       0       0       0       0       0       001020201D   1221
     124       0       0       2       0                               0D   1222
     100    1070       0       0       0       0    1221       001010001D   1223
     100       0       0       1       0                               0D   1224
     102    1071       0       0       0       0       0       001010001D   1225
     102       0       0       1       0                               0D   1226
     142    1072       0       0       0       0       0       001010001D   1227
     142       0       0       1       0                               0D   1228
     144    1073       0       0   10000       0       0       000010000D   1229
     144       0       0       1       0                PartBody       0D   1230
     110    1074       0       0       0       0       0       001010001D   1231
     110       0       0       1       0                               0D   1232
     110    1075       0       0       0       0       0       001010001D   1233
     110       0       0       1       0                               0D   1234
     110    1076       0       0       0       0       0       001010001D   1235
     110       0       0       1       0                               0D   1236
     110    1077       0       0       0       0       0       001010001D   1237
     110       0       0       1       0                               0D   1238
     102    1078       0       0       0       0       0       001010001D   1239
     102       0       0       1       0                               0D   1240
     142    1079       0       0       0       0       0       001010001D   1241
     142       0       0       1       0                               0D   1242
     124    1080       0       0       0       0       0       001020201D   1243
     124       0       0       2       0                               0D   1244
     100    1082       0       0       0       0    1243       001010001D   1245
     100       0       0       1       0                               0D   1246
     124    1083       0       0       0       0       0       001020201D   1247
     124       0       0       2       0                               0D   1248
     100    1085       0       0       0       0    1247       001010001D   1249
     100       0       0       1       0                               0D   1250
     124    1086       0       0       0       0       0       001020201D   1251
     124       0       0       2       0                               0D   1252
     100    1088       0       0       0       0    1251       001010001D   1253
     100       0       0       1       0                               0D   1254
     110    1089       0       0       0       0       0       001010001D   1255
     110       0       0       1       0                               0D   1256
     110    1090       0       0       0       0       0       001010001D   1257
     110       0       0       1       0                               0D   1258
     110    1091       0       0       0       0       0       001010001D   1259
     110       0       0       1       0                               0D   1260
     102    1092       0       0       0       0       0       001010001D   1261
     102       0       0       1       0                               0D   1262
     142    1093       0       0       0       0       0       001010001D   1263
     142       0       0       1       0                               0D   1264
     144    1094       0       0   10000       0       0       000010000D   1265
     144       0       0       1       0                PartBody       0D   1266
     108    1095       0       0       0       0       0       001010001D   1267
     108       0       0       1       0                               0D   1268
     110    1096       0       0       0       0       0       001010001D   1269
     110       0       0       1       0                               0D   1270
     110    1097       0       0       0       0       0       001010001D   1271
     110       0       0       1       0                               0D   1272
     110    1098       0       0       0       0       0       001010001D   1273
     110       0       0       1       0                               0D   1274
     110    1099       0       0       0       0       0       001010001D   1275
     110       0       0       1       0                               0D   1276
     102    1100       0       0       0       0       0       001010001D   1277
     102       0       0       1       0                               0D   1278
     142    1101       0       0       0       0       0       001010001D   1279
     142       0       0       1       0                               0D   1280
     144    1102       0       0   10000       0       0       000010000D   1281
     144       0       0       1       0                PartBody       0D   1282
     108    1103       0       0       0       0       0       001010001D   1283
     108       0       0       1       0                               0D   1284
     110    1104       0       0       0       0       0       001010001D   1285
     110       0       0       1       0                               0D   1286
     110    1105       0       0       0       0       0       001010001D   1287
     110       0       0       1       0                               0D   1288
     110    1106       0       0       0       0       0       001010001D   1289
     110       0       0       1       0                               0D   1290
     110    1107       0       0       0       0       0       001010001D   1291
     110       0       0       1       0                               0D   1292
     102    1108       0       0       0       0       0       001010001D   1293
     102       0       0       1       0                               0D   1294
     142    1109       0       0       0       0       0       001010001D   1295
     142       0       0       1       0                               0D   1296
     144    1110       0       0   10000       0       0       000010000D   1297
     144       0       0       1       0                PartBody       0D   1298
     108    1111       0       0       0       0       0       001010001D   1299
     108       0       0       1       0                               0D   1300
     110    1112       0       0       0       0       0       001010001D   1301
     110       0       0       1       0                               0D   1302
     110    1113       0       0       0       0       0       001010001D   1303
     110       0       0       1       0                               0D   1304
     110    1114       0       0       0       0       0       001010001D   1305
     110       0       0       1       0                               0D   1306
     110    1115       0       0       0       0       0       001010001D   1307
     110       0       0       1       0                               0D   1308
     102    1116       0       0       0       0       0       001010001D   1309
     102       0       0       1       0                               0D   1310
     142    1117       0       0       0       0       0       001010001D   1311
     142       0       0       1       0                               0D   1312
     144    1118       0       0   10000       0       0       000010000D   1313
     144       0       0       1       0                PartBody       0D   1314
     308    1119       0       0       0       0       0       000010200D   1315
     308       0       0       3       0                Fork           0D   1316
     408    1122       0       0       0       0     665       000000000D   1317
     408       0       0       1       0                Fork.1         0D   1318
     124    1123       0       0       0       0       0       000000000D   1319
     124       0       0       3       0                               0D   1320
     108    1126       0       0       0       0       0       001010001D   1321
     108       0       0       1       0                               0D   1322
     124    1127       0       0       0       0       0       001020201D   1323
     124       0       0       1       0                               0D   1324
     100    1128       0       0       0       0    1323       001010001D   1325
     100       0       0       1       0                               0D   1326
     124    1129       0       0       0       0       0       001020201D   1327
     124       0       0       1       0                               0D   1328
     100    1130       0       0       0       0    1327       001010001D   1329
     100       0       0       1       0                               0D   1330
     102    1131       0       0       0       0       0       001010001D   1331
     102       0       0       1       0                               0D   1332
     142    1132       0       0       0       0       0       001010001D   1333
     142       0       0       1       0                               0D   1334
     144    1133       0       0   10000       0       0       000010000D   1335
     144       0       0       1       0                PartBody       0D   1336
     108    1134       0       0       0       0       0       001010001D   1337
     108       0       0       1       0                               0D   1338
     124    1135       0       0       0       0       0       001020201D   1339
     124       0       0       1       0                               0D   1340
     100    1136       0       0       0       0    1339       001010001D   1341
     100       0       0       1       0                               0D   1342
     124    1137       0       0       0       0       0       001020201D   1343
     124       0       0       1       0                               0D   1344
     100    1138       0       0       0       0    1343       001010001D   1345
     100       0       0       1       0                               0D   1346
     102    1139       0       0       0       0       0       001010001D   1347
     102       0       0       1       0                               0D   1348
     142    1140       0       0       0       0       0       001010001D   1349
     142       0       0       1       0                               0D   1350
     124    1141       0       0       0       0       0       001020201D   1351
     124       0       0       1       0                               0D   1352
     100    1142       0       0       0       0    1351       001010001D   1353
     100       0       0       1       0                               0D   1354
     124    1143       0       0       0       0       0       001020201D   1355
     124       0       0       1       0                               0D   1356
     100    1144       0       0       0       0    1355       001010001D   1357
     100       0       0       1       0                               0D   1358
     102    1145       0       0       0       0       0       001010001D   1359
     102       0       0       1       0                               0D   1360
     142    1146       0       0       0       0       0       001010001D   1361
     142       0       0       1       0                               0D   1362
     144    1147       0       0   10000       0       0       000010000D   1363
     144       0       0       1       0                PartBody       0D   1364
     108    1148       0       0       0       0       0       001010001D   1365
     108       0       0       1       0                               0D   1366
     124    1149       0       0       0       0       0       001020201D   1367
     124       0       0       1       0                               0D   1368
     100    1150       0       0       0       0    1367       001010001D   1369
     100       0       0       1       0                               0D   1370
     124    1151       0       0       0       0       0       001020201D   1371
     124       0       0       1       0                               0D   1372
     100    1152       0       0       0       0    1371       001010001D   1373
     100       0       0       1       0                               0D   1374
     102    1153       0       0       0       0       0       001010001D   1375
     102       0       0       1       0                               0D   1376
     142    1154       0       0       0       0       0       001010001D   1377
     142       0       0       1       0                               0D   1378
     144    1155       0       0   10000       0       0       000010000D   1379
     144       0       0       1       0                PartBody       0D   1380
     110    1156       0       0       0       0       0       001010001D   1381
     110       0       0       1       0                               0D   1382
     110    1157       0       0       0       0       0       001010001D   1383
     110       0       0       1       0                               0D   1384
     120    1158       0       0       0       0       0       001010001D   1385
     120       0       0       1       0                               0D   1386
     110    1159       0       0       0       0       0       001010001D   1387
     110       0       0       1       0                               0D   1388
     124    1160       0       0       0       0       0       001020201D   1389
     124       0       0       1       0                               0D   1390
     100    1161       0       0       0       0    1389       001010001D   1391
     100       0       0       1       0                               0D   1392
     110    1162       0       0       0       0       0       001010001D   1393
     110       0       0       1       0                               0D   1394
     124    1163       0       0       0       0       0       001020201D   1395
     124       0       0       1       0                               0D   1396
     100    1164       0       0       0       0    1395       001010001D   1397
     100       0       0       1       0                               0D   1398
     102    1165       0       0       0       0       0       001010001D   1399
     102       0       0       1       0                               0D   1400
     142    1166       0       0       0       0       0       001010001D   1401
     142       0       0       1       0                               0D   1402
     144    1167       0       0   10000       0       0       000010000D   1403
     144       0       0       1       0                PartBody       0D   1404
     110    1168       0       0       0       0       0       001010001D   1405
     110       0       0       1       0                               0D   1406
     110    1169       0       0       0       0       0       001010001D   1407
     110       0       0       1       0                               0D   1408
     120    1170       0       0       0       0       0       001010001D   1409
     120       0       0       1       0                               0D   1410
     110    1171       0       0       0       0       0       001010001D   1411
     110       0       0       1       0                               0D   1412
     124    1172       0       0       0       0       0       001020201D   1413
     124       0       0       1       0                               0D   1414
     100    1173       0       0       0       0    1413       001010001D   1415
     100       0       0       1       0                               0D   1416
     110    1174       0       0       0       0       0       001010001D   1417
     110       0       0       1       0                               0D   1418
     124    1175       0       0       0       0       0       001020201D   1419
     124       0       0       1       0                               0D   1420
     100    1176       0       0       0       0    1419       001010001D   1421
     100       0       0       1       0                               0D   1422
     102    1177       0       0       0       0       0       001010001D   1423
     102       0       0       1       0                               0D   1424
     142    1178       0       0       0       0       0       001010001D   1425
     142       0       0       1       0                               0D   1426
     144    1179       0       0   10000       0       0       000010000D   1427
     144       0       0       1       0                PartBody       0D   1428
     110    1180       0       0       0       0       0       001010001D   1429
     110       0       0       1       0                               0D   1430
     110    1181       0       0       0       0       0       001010001D   1431
     110       0       0       1       0                               0D   1432
     120    1182       0       0       0       0       0       001010001D   1433
     120       0       0       1       0                               0D   1434
     124    1183       0       0       0       0       0       001020201D   1435
     124       0       0       1       0                               0D   1436
     100    1184       0       0       0       0    1435       001010001D   1437
     100       0       0       1       0                               0D   1438
     110    1185       0       0       0       0       0       001010001D   1439
     110       0       0       1       0                               0D   1440
     124    1186       0       0       0       0       0       001020201D   1441
     124       0       0       1       0                               0D   1442
     100    1187       0       0       0       0    1441       001010001D   1443
     100       0       0       1       0                               0D   1444
     110    1188       0       0       0       0       0       001010001D   1445
     110       0       0       1       0                               0D   1446
     102    1189       0       0       0       0       0       001010001D   1447
     102       0       0       1       0                               0D   1448
     142    1190       0       0       0       0       0       001010001D   1449
     142       0       0       1       0                               0D   1450
     126    1191       0       0       0       0       0       001010001D   1451
     126       0       0       7       0                               0D   1452
     126    1198       0       0       0       0       0       001010001D   1453
     126       0       0       7       0                               0D   1454
     126    1205       0       0       0       0       0       001010001D   1455
     126       0       0       7       0                               0D   1456
     126    1212       0       0       0       0       0       001010001D   1457
     126       0       0       6       0                               0D   1458
     102    1218       0       0       0       0       0       001010001D   1459
     102       0       0       1       0                               0D   1460
     142    1219       0       0       0       0       0       001010001D   1461
     142       0       0       1       0                               0D   1462
     144    1220       0       0   10000       0       0       000010000D   1463
     144       0       0       1       0                PartBody       0D   1464
     110    1221       0       0       0       0       0       001010001D   1465
     110       0       0       1       0                               0D   1466
     110    1222       0       0       0       0       0       001010001D   1467
     110       0       0       1       0                               0D   1468
     120    1223       0       0       0       0       0       001010001D   1469
     120       0       0       1       0                               0D   1470
     110    1224       0       0       0       0       0       001010001D   1471
     110       0       0       1       0                               0D   1472
     124    1225       0       0       0       0       0       001020201D   1473
     124       0       0       1       0                               0D   1474
     100    1226       0       0       0       0    1473       001010001D   1475
     100       0       0       1       0                               0D   1476
     110    1227       0       0       0       0       0       001010001D   1477
     110       0       0       1       0                               0D   1478
     126    1228       0       0       0       0       0       001010001D   1479
     126       0       0       7       0                               0D   1480
     126    1235       0       0       0       0       0       001010001D   1481
     126       0       0       7       0                               0D   1482
     102    1242       0       0       0       0       0       001010001D   1483
     102       0       0       1       0                               0D   1484
     142    1243       0       0       0       0       0       001010001D   1485
     142       0       0       1       0                               0D   1486
     144    1244       0       0   10000       0       0       000010000D   1487
     144       0       0       1       0                PartBody       0D   1488
     110    1245       0       0       0       0       0       001010001D   1489
     110       0       0       1       0                               0D   1490
     110    1246       0       0       0       0       0       001010001D   1491
     110       0       0       1       0                               0D   1492
     120    1247       0       0       0       0       0       001010001D   1493
     120       0       0       1       0                               0D   1494
     110    1248       0       0       0       0       0       001010001D   1495
     110       0       0       1       0                               0D   1496
     124    1249       0       0       0       0       0       001020201D   1497
     124       0       0       1       0                               0D   1498
     100    1250       0       0       0       0    1497       001010001D   1499
     100       0       0       1       0                               0D   1500
     110    1251       0       0       0       0       0       001010001D   1501
     110       0       0       1       0                               0D   1502
     126    1252       0       0       0       0       0       001010001D   1503
     126       0       0       7       0                               0D   1504
     126    1259       0       0       0       0       0       001010001D   1505
     126       0       0       6       0                               0D   1506
     102    1265       0       0       0       0       0       001010001D   1507
     102       0       0       1       0                               0D   1508
     142    1266       0       0       0       0       0       001010001D   1509
     142       0       0       1       0                               0D   1510
     144    1267       0       0   10000       0       0       000010000D   1511
     144       0       0       1       0                PartBody       0D   1512
     110    1268       0       0       0       0       0       001010001D   1513
     110       0       0       1       0                               0D   1514
     110    1269       0       0       0       0       0       001010001D   1515
     110       0       0       1       0                               0D   1516
     120    1270       0       0       0       0       0       001010001D   1517
     120       0       0       1       0                               0D   1518
     124    1271       0       0       0       0       0       001020201D   1519
     124       0       0       1       0                               0D   1520
     100    1272       0       0       0       0    1519       001010001D   1521
     100       0       0       1       0                               0D   1522
     110    1273       0       0       0       0       0       001010001D   1523
     110       0       0       1       0                               0D   1524
     124    1274       0       0       0       0       0       001020201D   1525
     124       0       0       1       0                               0D   1526
     100    1275       0       0       0       0    1525       001010001D   1527
     100       0       0       1       0                               0D   1528
     110    1276       0       0       0       0       0       001010001D   1529
     110       0       0       1       0                               0D   1530
     102    1277       0       0       0       0       0       001010001D   1531
     102       0       0       1       0                               0D   1532
     142    1278       0       0       0       0       0       001010001D   1533
     142       0       0       1       0                               0D   1534
     126    1279       0       0       0       0       0       001010001D   1535
     126       0       0       7       0                               0D   1536
     126    1286       0       0       0       0       0       001010001D   1537
     126       0       0       6       0                               0D   1538
     126    1292       0       0       0       0       0       001010001D   1539
     126       0       0       7       0                               0D   1540
     126    1299       0       0       0       0       0       001010001D   1541
     126       0       0       6       0                               0D   1542
     102    1305       0       0       0       0       0       001010001D   1543
     102       0       0       1       0                               0D   1544
     142    1306       0       0       0       0       0       001010001D   1545
     142       0       0       1       0                               0D   1546
     144    1307       0       0   10000       0       0       000010000D   1547
     144       0       0       1       0                PartBody       0D   1548
     108    1308       0       0       0       0       0       001010001D   1549
     108       0       0       1       0                               0D   1550
     124    1309       0       0       0       0       0       001020201D   1551
     124       0       0       1       0                               0D   1552
     100    1310       0       0       0       0    1551       001010001D   1553
     100       0       0       1       0                               0D   1554
     124    1311       0       0       0       0       0       001020201D   1555
     124       0       0       1       0                               0D   1556
     100    1312       0       0       0       0    1555       001010001D   1557
     100       0       0       1       0                               0D   1558
     102    1313       0       0       0       0       0       001010001D   1559
     102       0       0       1       0                               0D   1560
     142    1314       0       0       0       0       0       001010001D   1561
     142       0       0       1       0                               0D   1562
     124    1315       0       0       0       0       0       001020201D   1563
     124       0       0       1       0                               0D   1564
     100    1316       0       0       0       0    1563       001010001D   1565
     100       0       0       1       0                               0D   1566
     124    1317       0       0       0       0       0       001020201D   1567
     124       0       0       1       0                               0D   1568
     100    1318       0       0       0       0    1567       001010001D   1569
     100       0       0       1       0                               0D   1570
     102    1319       0       0       0       0       0       001010001D   1571
     102       0       0       1       0                               0D   1572
     142    1320       0       0       0       0       0       001010001D   1573
     142       0       0       1       0                               0D   1574
     144    1321       0       0   10000       0       0       000010000D   1575
     144       0       0       1       0                PartBody       0D   1576
     110    1322       0       0       0       0       0       001010001D   1577
     110       0       0       1       0                               0D   1578
     110    1323       0       0       0       0       0       001010001D   1579
     110       0       0       1       0                               0D   1580
     120    1324       0       0       0       0       0       001010001D   1581
     120       0       0       1       0                               0D   1582
     126    1325       0       0       0       0       0       001010001D   1583
     126       0       0       6       0                               0D   1584
     126    1331       0       0       0       0       0       001010001D   1585
     126       0       0       6       0                               0D   1586
     110    1337       0       0       0       0       0       001010001D   1587
     110       0       0       1       0                               0D   1588
     124    1338       0       0       0       0       0       001020201D   1589
     124       0       0       1       0                               0D   1590
     100    1339       0       0       0       0    1589       001010001D   1591
     100       0       0       1       0                               0D   1592
     110    1340       0       0       0       0       0       001010001D   1593
     110       0       0       1       0                               0D   1594
     102    1341       0       0       0       0       0       001010001D   1595
     102       0       0       1       0                               0D   1596
     142    1342       0       0       0       0       0       001010001D   1597
     142       0       0       1       0                               0D   1598
     144    1343       0       0   10000       0       0       000010000D   1599
     144       0       0       1       0                PartBody       0D   1600
     110    1344       0       0       0       0       0       001010001D   1601
     110       0       0       1       0                               0D   1602
     110    1345       0       0       0       0       0       001010001D   1603
     110       0       0       1       0                               0D   1604
     120    1346       0       0       0       0       0       001010001D   1605
     120       0       0       1       0                               0D   1606
     126    1347       0       0       0       0       0       001010001D   1607
     126       0       0       6       0                               0D   1608
     126    1353       0       0       0       0       0       001010001D   1609
     126       0       0       6       0                               0D   1610
     110    1359       0       0       0       0       0       001010001D   1611
     110       0       0       1       0                               0D   1612
     124    1360       0       0       0       0       0       001020201D   1613
     124       0       0       1       0                               0D   1614
     100    1361       0       0       0       0    1613       001010001D   1615
     100       0       0       1       0                               0D   1616
     110    1362       0       0       0       0       0       001010001D   1617
     110       0       0       1       0                               0D   1618
     102    1363       0       0       0       0       0       001010001D   1619
     102       0       0       1       0                               0D   1620
     142    1364       0       0       0       0       0       001010001D   1621
     142       0       0       1       0                               0D   1622
     144    1365       0       0   10000       0       0       000010000D   1623
     144       0       0       1       0                PartBody       0D   1624
     308    1366       0       0       0       0       0       000010200D   1625
     308       0       0       2       0                Pin            0D   1626
     408    1368       0       0       0       0    1319       000000000D   1627
     408       0       0       1       0                Pin.1          0D   1628
     124    1369       0       0       0       0       0       000000000D   1629
     124       0       0       2       0                               0D   1630
     110    1371       0       0       0       0       0       001010001D   1631
     110       0       0       1       0                               0D   1632
     110    1372       0       0       0       0       0       001010001D   1633
     110       0       0       2       0                               0D   1634
     120    1374       0       0       0       0       0       001010001D   1635
     120       0       0       1       0                               0D   1636
     110    1375       0       0       0       0       0       001010001D   1637
     110       0       0       2       0                               0D   1638
     124    1377       0       0       0       0       0       001020201D   1639
     124       0       0       2       0                               0D   1640
     100    1379       0       0       0       0    1639       001010001D   1641
     100       0       0       1       0                               0D   1642
     110    1380       0       0       0       0       0       001010001D   1643
     110       0       0       2       0                               0D   1644
     124    1382       0       0       0       0       0       001020201D   1645
     124       0       0       2       0                               0D   1646
     100    1384       0       0       0       0    1645       001010001D   1647
     100       0       0       1       0                               0D   1648
     102    1385       0       0       0       0       0       001010001D   1649
     102       0       0       1       0                               0D   1650
     142    1386       0       0       0       0       0       001010001D   1651
     142       0       0       1       0                               0D   1652
     144    1387       0       0   10000       0       0       000010000D   1653
     144       0       0       1       0                PartBody       0D   1654
     110    1388       0       0       0       0       0       001010001D   1655
     110       0       0       1       0                               0D   1656
     110    1389       0       0       0       0       0       001010001D   1657
     110       0       0       2       0                               0D   1658
     120    1391       0       0       0       0       0       001010001D   1659
     120       0       0       1       0                               0D   1660
     110    1392       0       0       0       0       0       001010001D   1661
     110       0       0       2       0                               0D   1662
     124    1394       0       0       0       0       0       001020201D   1663
     124       0       0       2       0                               0D   1664
     100    1396       0       0       0       0    1663       001010001D   1665
     100       0       0       1       0                               0D   1666
     110    1397       0       0       0       0       0       001010001D   1667
     110       0       0       2       0                               0D   1668
     124    1399       0       0       0       0       0       001020201D   1669
     124       0       0       2       0                               0D   1670
     100    1401       0       0       0       0    1669       001010001D   1671
     100       0       0       1       0                               0D   1672
     102    1402       0       0       0       0       0       001010001D   1673
     102       0       0       1       0                               0D   1674
     142    1403       0       0       0       0       0       001010001D   1675
     142       0       0       1       0                               0D   1676
     144    1404       0       0   10000       0       0       000010000D   1677
     144       0       0       1       0                PartBody       0D   1678
     108    1405       0       0       0       0       0       001010001D   1679
     108       0       0       1       0                               0D   1680
     124    1406       0       0       0       0       0       001020201D   1681
     124       0       0       2       0                               0D   1682
     100    1408       0       0       0       0    1681       001010001D   1683
     100       0       0       1       0                               0D   1684
     124    1409       0       0       0       0       0       001020201D   1685
     124       0       0       2       0                               0D   1686
     100    1411       0       0       0       0    1685       001010001D   1687
     100       0       0       1       0                               0D   1688
     102    1412       0       0       0       0       0       001010001D   1689
     102       0       0       1       0                               0D   1690
     142    1413       0       0       0       0       0       001010001D   1691
     142       0       0       1       0                               0D   1692
     144    1414       0       0   10000       0       0       000010000D   1693
     144       0       0       1       0                PartBody       0D   1694
     124    1415       0       0       0       0       0       001020201D   1695
     124       0       0       2       0                               0D   1696
     100    1417       0       0       0       0    1695       001010001D   1697
     100       0       0       1       0                               0D   1698
     124    1418       0       0       0       0       0       001020201D   1699
     124       0       0       2       0                               0D   1700
     100    1420       0       0       0       0    1699       001010001D   1701
     100       0       0       1       0                               0D   1702
     102    1421       0       0       0       0       0       001010001D   1703
     102       0       0       1       0                               0D   1704
     142    1422       0       0       0       0       0       001010001D   1705
     142       0       0       1       0                               0D   1706
     144    1423       0       0   10000       0       0       000010000D   1707
     144       0       0       1       0                PartBody       0D   1708
     406    1424       0       0       0       0       0       000010201D   1709
     406       0       0       1      15                               0D   1710
     308    1425       0       0       0       0       0       000010200D   1711
     308       0       0       1       0                               0D   1712
     406    1426       0       0       0       0       0       000010201D   1713
     406       0       0       1      15                               0D   1714
     408    1427       0       0       0       0    1629       000000000D   1715
     408       0       0       1       0                               0D   1716
     124    1428       0       0       0       0       0       000000000D   1717
     124       0       0       2       0                               0D   1718
     408    1430       0       0       0       0    1717       000000000D   1719
     408       0       0       1       0                Fork.2         0D   1720
     124    1431       0       0       0       0       0       000000000D   1721
     124       0       0       3       0                               0D   1722
     406    1434       0       0       0       0       0       000010201D   1723
     406       0       0       1      15                               0D   1724
     408    1435       0       0       0       0    1721       000000000D   1725
     408       0       0       1       0                               0D   1726
     124    1436       0       0       0       0       0       000000000D   1727
     124       0       0       2       0                               0D   1728
     408    1438       0       0       0       0    1727       000000000D   1729
     408       0       0       1       0                Pin.2          0D   1730
     124    1439       0       0       0       0       0       000000000D   1731
     124       0       0       3       0                               0D   1732
     408    1442       0       0       0       0    1731       000000000D   1733
     408       0       0       1       0                Collar.2       0D   1734
124,-0.08263386171,0.9965799742,0.0,-35.68506818,-0.9965799742,        1P      1
-0.08263386171,0.0,29.49124761,0.0,0.0,1.0,-4.089567398,0,0;           1P      2
110,0.0,38.0,0.0,0.0,38.0,1.0,0,0;                                     3P      3
110,-15.99918114,15.02117925,-11.24964027,-15.99918114,                5P      4
15.02117925,11.24964027,0,0;                                           5P      5
120,3,5,0.0,6.283185307,0,0;                                           7P      6
126,20,5,0,0,1,0,0.0,0.0,0.0,0.0,0.0,0.0,7.217167425,                  9P      7
7.217167425,7.217167425,18.95184929,18.95184929,18.95184929,           9P      8
35.72112115,35.72112115,35.72112115,50.17411745,50.17411745,           9P      9
50.17411745,56.02192661,56.02192661,56.02192661,63.86356428,           9P     10
63.86356428,63.86356428,63.86356428,63.86356428,63.86356428,1.0,       9P     11
1.0,1.0,1.0,1.0,1.0,1.0,1.0,1.0,1.0,1.0,1.0,1.0,1.0,1.0,1.0,1.0,       9P     12
1.0,1.0,1.0,1.0,-15.96871942,15.0,0.0,-15.96871942,15.0,               9P     13
1.020661605,-15.84368199,14.91318749,2.041322582,-15.59348084,         9P     14
14.73918439,3.031315872,-14.63029956,14.09974146,5.474985158,          9P     15
-12.95845662,13.13139888,7.419292487,-11.71242731,12.50363795,         9P     16
8.373837243,-8.35936936,11.10920516,10.1981385,-4.44733471,            9P     17
10.19976551,11.01156407,-2.075757868,9.922949735,11.2416545,           9P     18
2.385358859,9.8845602,11.29644224,6.69297269,10.69920838,              9P     19
10.53384121,8.611880124,11.24776278,9.989461077,11.11903196,           9P     20
12.22925637,8.839544822,13.13219199,13.25820136,7.054950599,           9P     21
13.66367591,13.55033382,6.485405651,14.77301031,14.19681371,           9P     22
5.02241283,15.52564198,14.69195166,3.287496518,15.82110798,            9P     23
14.89751453,2.217949324,15.96871942,15.0,1.108975033,                  9P     24
15.96871942,15.0,0.0,0.0,63.86356428,0.0,0.0,0.0,0,0;                  9P     25
126,20,5,0,0,1,0,0.0,0.0,0.0,0.0,0.0,0.0,7.841637663,                 11P     26
7.841637663,7.841637663,13.68944683,13.68944683,13.68944683,          11P     27
28.14244312,28.14244312,28.14244312,44.91171499,44.91171499,          11P     28
44.91171499,56.64639685,56.64639685,56.64639685,63.86356428,          11P     29
63.86356428,63.86356428,63.86356428,63.86356428,63.86356428,1.0,      11P     30
1.0,1.0,1.0,1.0,1.0,1.0,1.0,1.0,1.0,1.0,1.0,1.0,1.0,1.0,1.0,1.0,      11P     31
1.0,1.0,1.0,1.0,15.96871942,15.0,0.0,15.96871942,15.0,                11P     32
-1.108975033,15.82110798,14.89751453,-2.217949324,15.52564198,        11P     33
14.69195166,-3.287496518,14.77301031,14.19681371,-5.02241283,         11P     34
13.66367591,13.55033382,-6.485405652,13.13219199,13.25820136,         11P     35
-7.054950599,11.11903196,12.22925637,-8.839544822,8.611880124,        11P     36
11.24776278,-9.989461077,6.69297269,10.69920838,-10.53384121,         11P     37
2.385358859,9.8845602,-11.29644224,-2.075757868,9.922949735,          11P     38
-11.2416545,-4.447334711,10.19976551,-11.01156407,-8.359369361,       11P     39
11.10920516,-10.1981385,-11.71242732,12.50363795,-8.373837243,        11P     40
-12.95845662,13.13139888,-7.419292487,-14.63029956,14.09974146,       11P     41
-5.474985158,-15.59348084,14.73918439,-3.031315872,-15.84368199,      11P     42
14.91318749,-2.041322582,-15.96871942,15.0,-1.020661605,              11P     43
-15.96871942,15.0,0.0,0.0,63.86356428,0.0,0.0,0.0,0,0;                11P     44
102,2,9,11,0,0;                                                       13P     45
142,0,7,0,13,2,0,0;                                                   15P     46
144,7,1,0,15,0,0;                                                     17P     47
108,1.0,0.0,0.0,-53.0,0,-53.0,0.0,0.0,1.0,0,0;                        19P     48
124,0.0,0.0,1.0,-53.0,1.0,0.0,0.0,0.0,0.0,1.0,0.0,0.0,0,0;            21P     49
100,0.0,0.0,0.0,28.0,0.0,-28.0,0.0,0,0;                               23P     50
124,0.0,0.0,1.0,-53.0,-1.0,0.0,0.0,0.0,0.0,-1.0,0.0,0.0,0,0;          25P     51
100,0.0,0.0,0.0,28.0,0.0,-28.0,0.0,0,0;                               27P     52
102,2,23,27,0,0;                                                      29P     53
142,0,19,0,29,2,0,0;                                                  31P     54
124,0.0,0.0,-1.0,-53.0,1.0,0.0,0.0,0.0,0.0,-1.0,0.0,0.0,0,0;          33P     55
100,0.0,0.0,0.0,15.0,0.0,-15.0,0.0,0,0;                               35P     56
124,0.0,0.0,-1.0,-53.0,-1.0,0.0,0.0,0.0,0.0,1.0,0.0,0.0,0,0;          37P     57
100,0.0,0.0,0.0,15.0,0.0,-15.0,0.0,0,0;                               39P     58
102,2,35,39,0,0;                                                      41P     59
142,0,19,0,41,2,0,0;                                                  43P     60
144,19,1,1,31,43,0,0;                                                 45P     61
110,0.0,0.0,0.0,1.0,0.0,0.0,0,0;                                      47P     62
110,-53.0,28.0,0.0,53.0,28.0,0.0,0,0;                                 49P     63
120,47,49,0.0,6.283185307,0,0;                                        51P     64
126,26,5,0,0,1,0,0.0,0.0,0.0,0.0,0.0,0.0,20.1483139,20.1483139,       53P     65
20.1483139,39.08380917,39.08380917,39.08380917,57.49756044,           53P     66
57.49756044,57.49756044,69.89207524,69.89207524,69.89207524,          53P     67
81.25583547,81.25583547,81.25583547,99.97317619,99.97317619,          53P     68
99.97317619,115.6719426,115.6719426,115.6719426,136.4208189,          53P     69
136.4208189,136.4208189,136.4208189,136.4208189,136.4208189,1.0,      53P     70
1.0,1.0,1.0,1.0,1.0,1.0,1.0,1.0,1.0,1.0,1.0,1.0,1.0,1.0,1.0,1.0,      53P     71
1.0,1.0,1.0,1.0,1.0,1.0,1.0,1.0,1.0,1.0,-26.15339366,28.0,0.0,        53P     72
-26.15339366,28.0,2.849401877,-26.01480384,27.63754058,               53P     73
5.698803687,-25.7396774,26.91403423,8.479204857,-24.82951764,         53P     74
24.8432299,13.59211408,-22.93409196,21.78319606,17.86053129,          53P     75
-21.72714821,20.13228408,19.66334897,-18.70775349,16.83132514,        53P     76
22.58873143,-14.60610772,13.91303681,24.37605028,-12.3598233,         53P     77
12.67827075,25.00334669,-8.348550574,11.04927344,25.74612615,         53P     78
-4.06836013,10.21385511,26.07276235,-2.320061792,10.01340237,         53P     79
26.14796466,1.049198091,9.893478459,26.19453344,4.39391042,           53P     80
10.27681086,26.04700473,5.975719799,10.57455212,25.93062685,          53P     81
10.07972937,11.6572788,25.48409709,13.8684963,13.46848971,            53P     82
24.60094451,16.04431163,14.84733138,23.83911427,19.56770955,          53P     83
17.69925542,21.91235461,22.12661795,20.70753621,18.99805313,          53P     84
23.07725153,22.03904698,17.4585776,24.83401877,24.8615611,            53P     85
13.47184642,25.71497879,26.84846416,8.727856453,26.00641879,          53P     86
27.61561083,5.868668398,26.15339366,28.0,2.934334235,                 53P     87
26.15339366,28.0,0.0,0.0,136.4208189,0.0,0.0,0.0,0,0;                 53P     88
110,26.15339366,28.0,0.0,53.0,28.0,0.0,0,0;                           55P     89
124,0.0,0.0,1.0,53.0,1.0,0.0,0.0,0.0,0.0,1.0,0.0,0.0,0,0;             57P     90
100,0.0,0.0,0.0,28.0,0.0,-28.0,0.0,0,0;                               59P     91
110,53.0,-28.0,0.0,-53.0,-28.0,0.0,0,0;                               61P     92
124,0.0,0.0,-1.0,-53.0,-1.0,0.0,0.0,0.0,0.0,1.0,0.0,0.0,0,0;          63P     93
100,0.0,0.0,0.0,28.0,0.0,-28.0,0.0,0,0;                               65P     94
110,-53.0,28.0,0.0,-26.15339366,28.0,0.0,0,0;                         67P     95
102,6,53,55,59,61,65,67,0,0;                                          69P     96
142,0,51,0,69,2,0,0;                                                  71P     97
144,51,1,0,71,0,0;                                                    73P     98
110,0.0,0.0,0.0,1.0,0.0,0.0,0,0;                                      75P     99
110,-53.0,-28.0,0.0,53.0,-28.0,0.0,0,0;                               77P    100
120,75,77,0.0,6.283185307,0,0;                                        79P    101
126,26,5,0,0,1,0,0.0,0.0,0.0,0.0,0.0,0.0,20.74887636,                 81P    102
20.74887636,20.74887636,36.44764276,36.44764276,36.44764276,          81P    103
55.16498348,55.16498348,55.16498348,66.52874371,66.52874371,          81P    104
66.52874371,78.92325851,78.92325851,78.92325851,97.33700978,          81P    105
97.33700978,97.33700978,116.2725051,116.2725051,116.2725051,          81P    106
136.420819,136.420819,136.420819,136.420819,136.420819,               81P    107
136.420819,1.0,1.0,1.0,1.0,1.0,1.0,1.0,1.0,1.0,1.0,1.0,1.0,1.0,       81P    108
1.0,1.0,1.0,1.0,1.0,1.0,1.0,1.0,1.0,1.0,1.0,1.0,1.0,1.0,              81P    109
26.15339366,28.0,0.0,26.15339366,28.0,-2.934334235,26.00641879,       81P    110
27.61561083,-5.868668399,25.71497879,26.84846416,-8.727856453,        81P    111
24.83401877,24.8615611,-13.47184642,23.07725153,22.03904698,          81P    112
-17.4585776,22.12661795,20.70753621,-18.99805313,19.56770955,         81P    113
17.69925542,-21.91235461,16.04431163,14.84733138,-23.83911427,        81P    114
13.8684963,13.46848971,-24.60094451,10.07972937,11.6572788,           81P    115
-25.48409709,5.975719799,10.57455212,-25.93062685,4.393910419,        81P    116
10.27681086,-26.04700473,1.04919809,9.893478459,-26.19453344,         81P    117
-2.320061793,10.01340237,-26.14796466,-4.068360131,10.21385511,       81P    118
-26.07276235,-8.348550575,11.04927344,-25.74612615,-12.3598233,       81P    119
12.67827075,-25.00334669,-14.60610772,13.91303681,-24.37605028,       81P    120
-18.70775349,16.83132514,-22.58873142,-21.72714821,20.13228408,       81P    121
-19.66334897,-22.93409196,21.78319606,-17.86053129,-24.82951764,      81P    122
24.8432299,-13.59211407,-25.7396774,26.91403423,-8.479204856,         81P    123
-26.01480384,27.63754058,-5.698803687,-26.15339366,28.0,              81P    124
-2.849401877,-26.15339366,28.0,0.0,0.0,136.420819,0.0,0.0,0.0,0,      81P    125
0;                                                                    81P    126
110,-26.15339366,28.0,0.0,-53.0,28.0,0.0,0,0;                         83P    127
124,0.0,0.0,-1.0,-53.0,1.0,0.0,0.0,0.0,0.0,-1.0,0.0,0.0,0,0;          85P    128
100,0.0,0.0,0.0,28.0,0.0,-28.0,0.0,0,0;                               87P    129
110,-53.0,-28.0,0.0,53.0,-28.0,0.0,0,0;                               89P    130
124,0.0,0.0,1.0,53.0,-1.0,0.0,0.0,0.0,0.0,-1.0,0.0,0.0,0,0;           91P    131
100,0.0,0.0,0.0,28.0,0.0,-28.0,0.0,0,0;                               93P    132
110,53.0,28.0,0.0,26.15339366,28.0,0.0,0,0;                           95P    133
102,6,81,83,87,89,93,95,0,0;                                          97P    134
142,0,79,0,97,2,0,0;                                                  99P    135
144,79,1,0,99,0,0;                                                   101P    136
110,0.0,0.0,0.0,1.0,0.0,0.0,0,0;                                     103P    137
110,-53.0,-15.0,0.0,53.0,-15.0,0.0,0,0;                              105P    138
120,103,105,0.0,6.283185307,0,0;                                     107P    139
110,15.96871942,15.0,0.0,53.0,15.0,0.0,0,0;                          109P    140
124,0.0,0.0,-1.0,53.0,1.0,0.0,0.0,0.0,0.0,-1.0,0.0,0.0,0,0;          111P    141
100,0.0,0.0,0.0,15.0,0.0,-15.0,0.0,0,0;                              113P    142
110,53.0,-15.0,0.0,-53.0,-15.0,0.0,0,0;                              115P    143
124,0.0,0.0,1.0,-53.0,-1.0,0.0,0.0,0.0,0.0,-1.0,0.0,0.0,0,0;         117P    144
100,0.0,0.0,0.0,15.0,0.0,-15.0,0.0,0,0;                              119P    145
110,-53.0,15.0,0.0,-15.96871942,15.0,0.0,0,0;                        121P    146
126,20,5,0,0,1,0,0.0,0.0,0.0,0.0,0.0,0.0,7.217167425,                123P    147
7.217167425,7.217167425,18.95184929,18.95184929,18.95184929,         123P    148
35.72112115,35.72112115,35.72112115,50.17411745,50.17411745,         123P    149
50.17411745,56.02192661,56.02192661,56.02192661,63.86356428,         123P    150
63.86356428,63.86356428,63.86356428,63.86356428,63.86356428,1.0,     123P    151
1.0,1.0,1.0,1.0,1.0,1.0,1.0,1.0,1.0,1.0,1.0,1.0,1.0,1.0,1.0,1.0,     123P    152
1.0,1.0,1.0,1.0,-15.96871942,15.0,0.0,-15.96871942,15.0,             123P    153
-1.020661605,-15.84368199,14.91318749,-2.041322786,-15.59348091,     123P    154
14.73918451,-3.031315808,-14.63029944,14.09974126,-5.474985262,      123P    155
-12.95845682,13.1313992,-7.419292318,-11.71242724,12.5036381,        123P    156
-8.37383746,-8.359369465,11.10920494,-10.19813819,-4.447334561,      123P    157
10.19976582,-11.01156452,-2.075757561,9.922949675,-11.24165435,      123P    158
2.385358594,9.884560251,-11.29644237,6.692972918,10.69920833,        123P    159
-10.5338411,8.611880053,11.24776237,-9.989460802,11.11903199,        123P    160
12.22925653,-8.839544933,13.13219198,13.25820129,-7.054950554,       123P    161
13.66367587,13.55033374,-6.485405682,14.77301037,14.19681382,        123P    162
-5.022412789,15.52564189,14.69195151,-3.287496573,15.82110798,       123P    163
14.89751453,-2.217949566,15.96871942,15.0,-1.108975033,              123P    164
15.96871942,15.0,0.0,0.0,63.86356428,0.0,0.0,0.0,0,0;                123P    165
102,6,109,113,115,119,121,123,0,0;                                   125P    166
142,0,107,0,125,2,0,0;                                               127P    167
144,107,1,0,127,0,0;                                                 129P    168
110,0.0,0.0,0.0,1.0,0.0,0.0,0,0;                                     131P    169
110,-53.0,15.0,0.0,53.0,15.0,0.0,0,0;                                133P    170
120,131,133,0.0,6.283185307,0,0;                                     135P    171
110,-15.96871942,15.0,0.0,-53.0,15.0,0.0,0,0;                        137P    172
124,0.0,0.0,1.0,-53.0,1.0,0.0,0.0,0.0,0.0,1.0,0.0,0.0,0,0;           139P    173
100,0.0,0.0,0.0,15.0,0.0,-15.0,0.0,0,0;                              141P    174
110,-53.0,-15.0,0.0,53.0,-15.0,0.0,0,0;                              143P    175
124,0.0,0.0,-1.0,53.0,-1.0,0.0,0.0,0.0,0.0,1.0,0.0,0.0,0,0;          145P    176
100,0.0,0.0,0.0,15.0,0.0,-15.0,0.0,0,0;                              147P    177
110,53.0,15.0,0.0,15.96871942,15.0,0.0,0,0;                          149P    178
126,20,5,0,0,1,0,0.0,0.0,0.0,0.0,0.0,0.0,7.841637662,                151P    179
7.841637662,7.841637662,13.68944682,13.68944682,13.68944682,         151P    180
28.14244312,28.14244312,28.14244312,44.91171499,44.91171499,         151P    181
44.91171499,56.64639685,56.64639685,56.64639685,63.86356428,         151P    182
63.86356428,63.86356428,63.86356428,63.86356428,63.86356428,1.0,     151P    183
1.0,1.0,1.0,1.0,1.0,1.0,1.0,1.0,1.0,1.0,1.0,1.0,1.0,1.0,1.0,1.0,     151P    184
1.0,1.0,1.0,1.0,15.96871942,15.0,0.0,15.96871942,15.0,               151P    185
1.108975033,15.82110798,14.89751453,2.217949566,15.52564189,         151P    186
14.69195151,3.287496573,14.77301037,14.19681382,5.022412789,         151P    187
13.66367587,13.55033374,6.485405682,13.13219198,13.25820129,         151P    188
7.054950554,11.11903199,12.22925653,8.839544933,8.611880053,         151P    189
11.24776237,9.989460802,6.692972918,10.69920833,10.5338411,          151P    190
2.385358594,9.884560251,11.29644237,-2.075757561,9.922949675,        151P    191
11.24165435,-4.44733456,10.19976582,11.01156452,-8.359369465,        151P    192
11.10920494,10.19813819,-11.71242724,12.5036381,8.37383746,          151P    193
-12.95845682,13.1313992,7.419292318,-14.63029944,14.09974126,        151P    194
5.474985262,-15.59348091,14.73918451,3.031315808,-15.84368199,       151P    195
14.91318749,2.041322786,-15.96871942,15.0,1.020661605,               151P    196
-15.96871942,15.0,0.0,0.0,63.86356428,0.0,0.0,0.0,0,0;               151P    197
102,6,137,141,143,147,149,151,0,0;                                   153P    198
142,0,135,0,153,2,0,0;                                               155P    199
144,135,1,0,155,0,0;                                                 157P    200
108,1.0,0.0,0.0,53.0,0,53.0,0.0,0.0,1.0,0,0;                         159P    201
124,0.0,0.0,-1.0,53.0,1.0,0.0,0.0,0.0,0.0,-1.0,0.0,0.0,0,0;          161P    202
100,0.0,0.0,0.0,28.0,0.0,-28.0,0.0,0,0;                              163P    203
124,0.0,0.0,-1.0,53.0,-1.0,0.0,0.0,0.0,0.0,1.0,0.0,0.0,0,0;          165P    204
100,0.0,0.0,0.0,28.0,0.0,-28.0,0.0,0,0;                              167P    205
102,2,163,167,0,0;                                                   169P    206
142,0,159,0,169,2,0,0;                                               171P    207
124,0.0,0.0,1.0,53.0,1.0,0.0,0.0,0.0,0.0,1.0,0.0,0.0,0,0;            173P    208
100,0.0,0.0,0.0,15.0,0.0,-15.0,0.0,0,0;                              175P    209
124,0.0,0.0,1.0,53.0,-1.0,0.0,0.0,0.0,0.0,-1.0,0.0,0.0,0,0;          177P    210
100,0.0,0.0,0.0,15.0,0.0,-15.0,0.0,0,0;                              179P    211
102,2,175,179,0,0;                                                   181P    212
142,0,159,0,181,2,0,0;                                               183P    213
144,159,1,1,171,183,0,0;                                             185P    214
110,0.0,0.0,0.0,1.0,0.0,0.0,0,0;                                     187P    215
110,-11.30411497,22.94566894,-16.04669053,11.19409551,               189P    216
22.94566894,-16.04669053,0,0;                                        189P    217
120,187,189,0.0,6.283185307,0,0;                                     191P    218
126,23,5,0,0,1,0,0.0,0.0,0.0,0.0,0.0,0.0,14.66435607,                193P    219
14.66435607,14.66435607,20.71321988,20.71321988,20.71321988,         193P    220
30.88665665,30.88665665,30.88665665,40.56064384,40.56064384,         193P    221
40.56064384,46.49640162,46.49640162,46.49640162,53.31010442,         193P    222
53.31010442,53.31010442,63.86328098,63.86328098,63.86328098,         193P    223
63.86328098,63.86328098,63.86328098,1.0,1.0,1.0,1.0,1.0,1.0,1.0,     193P    224
1.0,1.0,1.0,1.0,1.0,1.0,1.0,1.0,1.0,1.0,1.0,1.0,1.0,1.0,1.0,1.0,     193P    225
1.0,-11.18033989,28.0,0.0,-11.18033989,28.0,-2.073853124,            193P    226
-11.0086072,27.80799702,-4.147706054,-10.66730233,27.42650625,       193P    227
-6.178942207,-9.872734763,26.62840819,-8.929423732,-8.499598248,     193P    228
25.62471398,-11.32334015,-8.04454575,25.31969981,-11.98569804,       193P    229
-6.668387142,24.49389273,-13.63916196,-4.873129434,23.73008997,      193P    230
-14.89944044,-3.579029979,23.33000571,-15.4910743,-0.8333773745,     193P    231
22.85946241,-16.1728104,2.01127082,23.03806854,-15.91269595,         193P    232
3.347533582,23.29228115,-15.55584041,5.303579278,23.89082665,        193P    233
-14.64694695,6.891379365,24.65267063,-13.29661149,7.437494854,       193P    234
24.95380373,-12.72743944,8.489195937,25.60055066,-11.40579268,       193P    235
9.296840985,26.21156125,-9.905167721,9.664177249,26.51604801,        193P    236
-9.063109084,10.45499986,27.21749551,-6.83989833,10.91356893,        193P    237
27.70191861,-4.462041734,11.09140065,27.90056291,-2.984888982,       193P    238
11.18033989,28.0,-1.492444541,11.18033989,28.0,0.0,0.0,              193P    239
63.86328098,0.0,0.0,0.0,0,0;                                         193P    240
110,11.18033989,28.0,0.0,-11.18033989,28.0,0.0,0,0;                  195P    241
102,2,193,195,0,0;                                                   197P    242
142,0,191,0,197,2,0,0;                                               199P    243
144,191,1,0,199,0,0;                                                 201P    244
110,0.0,0.0,0.0,1.0,0.0,0.0,0,0;                                     203P    245
110,-11.30411497,28.0,0.0,11.19409551,28.0,0.0,0,0;                  205P    246
120,203,205,0.0,6.283185307,0,0;                                     207P    247
126,23,5,0,0,1,0,0.0,0.0,0.0,0.0,0.0,0.0,10.55317655,                209P    248
10.55317655,10.55317655,17.36687936,17.36687936,17.36687936,         209P    249
23.30263713,23.30263713,23.30263713,32.97662433,32.97662433,         209P    250
32.97662433,43.15006109,43.15006109,43.15006109,49.1989249,          209P    251
49.1989249,49.1989249,63.86328097,63.86328097,63.86328097,           209P    252
63.86328097,63.86328097,63.86328097,1.0,1.0,1.0,1.0,1.0,1.0,1.0,     209P    253
1.0,1.0,1.0,1.0,1.0,1.0,1.0,1.0,1.0,1.0,1.0,1.0,1.0,1.0,1.0,1.0,     209P    254
1.0,11.18033989,28.0,0.0,11.18033989,28.0,1.492444541,               209P    255
11.09140065,27.90056291,2.984888981,10.91356893,27.70191861,         209P    256
4.462041734,10.45499986,27.21749551,6.839898329,9.664177249,         209P    257
26.51604801,9.063109084,9.296840985,26.21156125,9.905167721,         209P    258
8.489195937,25.60055066,11.40579268,7.437494854,24.95380373,         209P    259
12.72743944,6.891379366,24.65267063,13.29661149,5.303579279,         209P    260
23.89082665,14.64694695,3.347533582,23.29228115,15.55584041,         209P    261
2.01127082,23.03806854,15.91269595,-0.8333773741,22.85946241,        209P    262
16.1728104,-3.579029979,23.33000571,15.4910743,-4.873129433,         209P    263
23.73008997,14.89944044,-6.668387142,24.49389273,13.63916196,        209P    264
-8.04454575,25.31969981,11.98569804,-8.499598247,25.62471398,        209P    265
11.32334015,-9.872734763,26.62840819,8.929423732,-10.66730233,       209P    266
27.42650625,6.178942207,-11.0086072,27.80799702,4.147706054,         209P    267
-11.18033989,28.0,2.073853124,-11.18033989,28.0,0.0,0.0,             209P    268
63.86328097,0.0,0.0,0.0,0,0;                                         209P    269
110,-11.18033989,28.0,0.0,11.18033989,28.0,0.0,0,0;                  211P    270
102,2,209,211,0,0;                                                   213P    271
142,0,207,0,213,2,0,0;                                               215P    272
144,207,1,0,215,0,0;                                                 217P    273
110,0.0,38.0,0.0,0.0,38.0,1.0,0,0;                                   219P    274
110,-15.0,38.0,-53.0,-15.0,38.0,53.0,0,0;                            221P    275
120,219,221,0.0,6.283185307,0,0;                                     223P    276
110,-15.0,38.0,53.0,-15.0,38.0,-53.0,0,0;                            225P    277
124,-1.0,0.0,0.0,0.0,0.0,-1.0,0.0,38.0,0.0,0.0,1.0,-53.0,0,0;        227P    278
100,0.0,0.0,0.0,15.0,0.0,-15.0,0.0,0,0;                              229P    279
110,15.0,38.0,-53.0,15.0,38.0,53.0,0,0;                              231P    280
124,1.0,0.0,0.0,0.0,0.0,-1.0,0.0,38.0,0.0,0.0,-1.0,53.0,0,0;         233P    281
100,0.0,0.0,0.0,15.0,0.0,-15.0,0.0,0,0;                              235P    282
102,4,225,229,231,235,0,0;                                           237P    283
142,0,223,0,237,2,0,0;                                               239P    284
126,23,5,0,0,1,0,0.0,0.0,0.0,0.0,0.0,0.0,10.55317655,                241P    285
10.55317655,10.55317655,17.36687936,17.36687936,17.36687936,         241P    286
23.30263714,23.30263714,23.30263714,32.97662433,32.97662433,         241P    287
32.97662433,43.15006109,43.15006109,43.15006109,49.1989249,          241P    288
49.1989249,49.1989249,63.86328098,63.86328098,63.86328098,           241P    289
63.86328098,63.86328098,63.86328098,1.0,1.0,1.0,1.0,1.0,1.0,1.0,     241P    290
1.0,1.0,1.0,1.0,1.0,1.0,1.0,1.0,1.0,1.0,1.0,1.0,1.0,1.0,1.0,1.0,     241P    291
1.0,11.18033989,28.0,0.0,11.18033989,28.0,-1.492444541,              241P    292
11.09140065,27.90056291,-2.984888856,10.91356878,27.7019187,         241P    293
-4.462041821,10.45499996,27.21749545,-6.839898274,9.664177184,       241P    294
26.51604805,-9.063109121,9.296840918,26.21156133,-9.905167714,       241P    295
8.489195996,25.60055058,-11.40579269,7.437494803,24.9538038,         241P    296
-12.72743943,6.891379382,24.65267071,-13.29661145,5.303579251,       241P    297
23.89082651,-14.64694703,3.347533626,23.29228138,-15.55584029,       241P    298
2.01127118,23.03806849,-15.91269599,-0.8333777539,22.85946246,       241P    299
-16.17281036,-3.57902958,23.33000566,-15.49107434,-4.873129502,      241P    300
23.73008974,-14.89944053,-6.668387102,24.49389287,-13.6391619,       241P    301
-8.044545774,25.31969973,-11.98569807,-8.499598307,25.62471393,      241P    302
-11.32334013,-9.872734619,26.62840831,-8.929423759,-10.66730268,     241P    303
27.42650595,-6.178942141,-11.0086072,27.80799702,-4.147705812,       241P    304
-11.18033989,28.0,-2.073853124,-11.18033989,28.0,0.0,0.0,            241P    305
63.86328098,0.0,0.0,0.0,0,0;                                         241P    306
126,23,5,0,0,1,0,0.0,0.0,0.0,0.0,0.0,0.0,14.66435607,                243P    307
14.66435607,14.66435607,20.71321988,20.71321988,20.71321988,         243P    308
30.88665665,30.88665665,30.88665665,40.56064384,40.56064384,         243P    309
40.56064384,46.49640162,46.49640162,46.49640162,53.31010442,         243P    310
53.31010442,53.31010442,63.86328097,63.86328097,63.86328097,         243P    311
63.86328097,63.86328097,63.86328097,1.0,1.0,1.0,1.0,1.0,1.0,1.0,     243P    312
1.0,1.0,1.0,1.0,1.0,1.0,1.0,1.0,1.0,1.0,1.0,1.0,1.0,1.0,1.0,1.0,     243P    313
1.0,-11.18033989,28.0,0.0,-11.18033989,28.0,2.073853124,             243P    314
-11.0086072,27.80799702,4.147705812,-10.66730268,27.42650595,        243P    315
6.178942142,-9.872734619,26.62840831,8.929423759,-8.499598307,       243P    316
25.62471393,11.32334013,-8.044545773,25.31969973,11.98569807,        243P    317
-6.668387101,24.49389287,13.6391619,-4.873129501,23.73008974,        243P    318
14.89944053,-3.57902958,23.33000566,15.49107434,-0.8333777535,       243P    319
22.85946246,16.17281036,2.011271181,23.03806849,15.91269599,         243P    320
3.347533627,23.29228138,15.55584029,5.303579252,23.89082651,         243P    321
14.64694703,6.891379382,24.65267071,13.29661145,7.437494803,         243P    322
24.9538038,12.72743943,8.489195996,25.60055058,11.40579269,          243P    323
9.296840918,26.21156133,9.905167713,9.664177185,26.51604805,         243P    324
9.06310912,10.45499996,27.21749545,6.839898273,10.91356878,          243P    325
27.7019187,4.46204182,11.09140065,27.90056291,2.984888856,           243P    326
11.18033989,28.0,1.492444541,11.18033989,28.0,0.0,0.0,               243P    327
63.86328097,0.0,0.0,0.0,0,0;                                         243P    328
102,2,241,243,0,0;                                                   245P    329
142,0,223,0,245,2,0,0;                                               247P    330
144,223,1,1,239,247,0,0;                                             249P    331
110,0.0,38.0,0.0,0.0,38.0,1.0,0,0;                                   251P    332
110,-28.0,38.0,-53.0,-28.0,38.0,53.0,0,0;                            253P    333
120,251,253,0.0,6.283185307,0,0;                                     255P    334
124,-1.0,0.0,0.0,0.0,0.0,-1.0,0.0,38.0,0.0,0.0,1.0,53.0,0,0;         257P    335
100,0.0,0.0,0.0,28.0,0.0,-28.0,0.0,0,0;                              259P    336
110,28.0,38.0,53.0,28.0,38.0,-53.0,0,0;                              261P    337
124,1.0,0.0,0.0,0.0,0.0,-1.0,0.0,38.0,0.0,0.0,-1.0,-53.0,0,0;        263P    338
100,0.0,0.0,0.0,28.0,0.0,-28.0,0.0,0,0;                              265P    339
110,-28.0,38.0,-53.0,-28.0,38.0,53.0,0,0;                            267P    340
102,4,259,261,265,267,0,0;                                           269P    341
142,0,255,0,269,2,0,0;                                               271P    342
126,26,5,0,0,1,0,0.0,0.0,0.0,0.0,0.0,0.0,20.74887636,                273P    343
20.74887636,20.74887636,36.44764276,36.44764276,36.44764276,         273P    344
55.16498348,55.16498348,55.16498348,66.5287437,66.5287437,           273P    345
66.5287437,78.92325851,78.92325851,78.92325851,97.33700978,          273P    346
97.33700978,97.33700978,116.2725051,116.2725051,116.2725051,         273P    347
136.4208189,136.4208189,136.4208189,136.4208189,136.4208189,         273P    348
136.4208189,1.0,1.0,1.0,1.0,1.0,1.0,1.0,1.0,1.0,1.0,1.0,1.0,1.0,     273P    349
1.0,1.0,1.0,1.0,1.0,1.0,1.0,1.0,1.0,1.0,1.0,1.0,1.0,1.0,             273P    350
26.15339366,28.0,0.0,26.15339366,28.0,2.934334235,26.00641879,       273P    351
27.61561083,5.868667913,25.71497838,26.8484641,8.727856735,          273P    352
24.83401908,24.86156115,13.47184621,23.0772513,22.03904694,          273P    353
17.45857777,22.1266179,20.70753621,18.99805298,19.56770962,          273P    354
17.69925541,21.91235479,16.04431155,14.84733139,23.83911405,         273P    355
13.86849665,13.46848976,24.60094425,10.07972916,11.65727877,         273P    356
25.48409724,5.975719926,10.57455214,25.93062675,4.393910565,         273P    357
10.27681087,26.04700472,1.049197932,9.893478456,26.19453345,         273P    358
-2.320061619,10.01340237,26.14796465,-4.068359972,10.21385509,       273P    359
26.07276245,-8.348550809,11.04927347,25.74612601,-12.35982295,       273P    360
12.67827071,25.0033469,-14.60610771,13.91303679,24.37605055,         273P    361
-18.70775349,16.83132517,22.58873115,-21.7271482,20.13228406,        273P    362
19.66334925,-22.9340923,21.78319611,17.86053105,-24.82951727,        273P    363
24.84322984,13.59211434,-25.73967779,26.91403428,8.479204577,        273P    364
-26.01480384,27.63754058,5.69880323,-26.15339366,28.0,               273P    365
2.849401877,-26.15339366,28.0,0.0,0.0,136.4208189,0.0,0.0,0.0,0,     273P    366
0;                                                                   273P    367
126,26,5,0,0,1,0,0.0,0.0,0.0,0.0,0.0,0.0,20.1483139,20.1483139,      275P    368
20.1483139,39.08380917,39.08380917,39.08380917,57.49756044,          275P    369
57.49756044,57.49756044,69.89207524,69.89207524,69.89207524,         275P    370
81.25583547,81.25583547,81.25583547,99.97317619,99.97317619,         275P    371
99.97317619,115.6719426,115.6719426,115.6719426,136.420819,          275P    372
136.420819,136.420819,136.420819,136.420819,136.420819,1.0,1.0,      275P    373
1.0,1.0,1.0,1.0,1.0,1.0,1.0,1.0,1.0,1.0,1.0,1.0,1.0,1.0,1.0,1.0,     275P    374
1.0,1.0,1.0,1.0,1.0,1.0,1.0,1.0,1.0,-26.15339366,28.0,0.0,           275P    375
-26.15339366,28.0,-2.849401877,-26.01480384,27.63754058,             275P    376
-5.69880323,-25.73967779,26.91403428,-8.479204576,-24.82951727,      275P    377
24.84322984,-13.59211434,-22.9340923,21.78319611,-17.86053104,       275P    378
-21.7271482,20.13228406,-19.66334925,-18.70775349,16.83132517,       275P    379
-22.58873115,-14.60610771,13.91303679,-24.37605055,-12.35982295,     275P    380
12.67827071,-25.0033469,-8.34855081,11.04927347,-25.74612601,        275P    381
-4.068359973,10.21385509,-26.07276245,-2.32006162,10.01340237,       275P    382
-26.14796465,1.049197932,9.893478456,-26.19453345,4.393910564,       275P    383
10.27681087,-26.04700472,5.975719925,10.57455214,-25.93062675,       275P    384
10.07972916,11.65727877,-25.48409724,13.86849664,13.46848976,        275P    385
-24.60094425,16.04431155,14.84733139,-23.83911405,19.56770962,       275P    386
17.69925541,-21.91235479,22.1266179,20.70753621,-18.99805298,        275P    387
23.0772513,22.03904694,-17.45857777,24.83401908,24.86156115,         275P    388
-13.47184621,25.71497838,26.8484641,-8.727856735,26.00641879,        275P    389
27.61561083,-5.868667914,26.15339366,28.0,-2.934334235,              275P    390
26.15339366,28.0,0.0,0.0,136.420819,0.0,0.0,0.0,0,0;                 275P    391
102,2,273,275,0,0;                                                   277P    392
142,0,255,0,277,2,0,0;                                               279P    393
144,255,1,1,271,279,0,0;                                             281P    394
108,0.0,0.0,1.0,53.0,0,0.0,0.0,53.0,1.0,0,0;                         283P    395
124,1.0,0.0,0.0,0.0,0.0,-1.0,0.0,38.0,0.0,0.0,-1.0,53.0,0,0;         285P    396
100,0.0,0.0,0.0,28.0,0.0,-28.0,0.0,0,0;                              287P    397
124,-1.0,0.0,0.0,0.0,0.0,1.0,0.0,38.0,0.0,0.0,-1.0,53.0,0,0;         289P    398
100,0.0,0.0,0.0,28.0,0.0,-28.0,0.0,0,0;                              291P    399
102,2,287,291,0,0;                                                   293P    400
142,0,283,0,293,2,0,0;                                               295P    401
124,1.0,0.0,0.0,0.0,0.0,1.0,0.0,38.0,0.0,0.0,1.0,53.0,0,0;           297P    402
100,0.0,0.0,0.0,15.0,0.0,-15.0,0.0,0,0;                              299P    403
124,-1.0,0.0,0.0,0.0,0.0,-1.0,0.0,38.0,0.0,0.0,1.0,53.0,0,0;         301P    404
100,0.0,0.0,0.0,15.0,0.0,-15.0,0.0,0,0;                              303P    405
102,2,299,303,0,0;                                                   305P    406
142,0,283,0,305,2,0,0;                                               307P    407
144,283,1,1,295,307,0,0;                                             309P    408
108,0.0,0.0,1.0,-53.0,0,0.0,0.0,-53.0,1.0,0,0;                       311P    409
124,1.0,0.0,0.0,0.0,0.0,1.0,0.0,38.0,0.0,0.0,1.0,-53.0,0,0;          313P    410
100,0.0,0.0,0.0,28.0,0.0,-28.0,0.0,0,0;                              315P    411
124,-1.0,0.0,0.0,0.0,0.0,-1.0,0.0,38.0,0.0,0.0,1.0,-53.0,0,0;        317P    412
100,0.0,0.0,0.0,28.0,0.0,-28.0,0.0,0,0;                              319P    413
102,2,315,319,0,0;                                                   321P    414
142,0,311,0,321,2,0,0;                                               323P    415
124,1.0,0.0,0.0,0.0,0.0,-1.0,0.0,38.0,0.0,0.0,-1.0,-53.0,0,0;        325P    416
100,0.0,0.0,0.0,15.0,0.0,-15.0,0.0,0,0;                              327P    417
124,-1.0,0.0,0.0,0.0,0.0,1.0,0.0,38.0,0.0,0.0,-1.0,-53.0,0,0;        329P    418
100,0.0,0.0,0.0,15.0,0.0,-15.0,0.0,0,0;                              331P    419
102,2,327,331,0,0;                                                   333P    420
142,0,311,0,333,2,0,0;                                               335P    421
144,311,1,1,323,335,0,0;                                             337P    422
110,0.0,38.0,0.0,0.0,38.0,1.0,0,0;                                   339P    423
110,15.0,38.0,-53.0,15.0,38.0,53.0,0,0;                              341P    424
120,339,341,0.0,6.283185307,0,0;                                     343P    425
110,15.0,38.0,53.0,15.0,38.0,-53.0,0,0;                              345P    426
124,1.0,0.0,0.0,0.0,0.0,1.0,0.0,38.0,0.0,0.0,1.0,-53.0,0,0;          347P    427
100,0.0,0.0,0.0,15.0,0.0,-15.0,0.0,0,0;                              349P    428
110,-15.0,38.0,-53.0,-15.0,38.0,53.0,0,0;                            351P    429
124,-1.0,0.0,0.0,0.0,0.0,1.0,0.0,38.0,0.0,0.0,-1.0,53.0,0,0;         353P    430
100,0.0,0.0,0.0,15.0,0.0,-15.0,0.0,0,0;                              355P    431
102,4,345,349,351,355,0,0;                                           357P    432
142,0,343,0,357,2,0,0;                                               359P    433
144,343,1,0,359,0,0;                                                 361P    434
110,0.0,38.0,0.0,0.0,38.0,1.0,0,0;                                   363P    435
110,28.0,38.0,-53.0,28.0,38.0,53.0,0,0;                              365P    436
120,363,365,0.0,6.283185307,0,0;                                     367P    437
124,1.0,0.0,0.0,0.0,0.0,1.0,0.0,38.0,0.0,0.0,1.0,53.0,0,0;           369P    438
100,0.0,0.0,0.0,28.0,0.0,-28.0,0.0,0,0;                              371P    439
110,-28.0,38.0,53.0,-28.0,38.0,-53.0,0,0;                            373P    440
124,-1.0,0.0,0.0,0.0,0.0,1.0,0.0,38.0,0.0,0.0,-1.0,-53.0,0,0;        375P    441
100,0.0,0.0,0.0,28.0,0.0,-28.0,0.0,0,0;                              377P    442
110,28.0,38.0,-53.0,28.0,38.0,53.0,0,0;                              379P    443
102,4,371,373,377,379,0,0;                                           381P    444
142,0,367,0,381,2,0,0;                                               383P    445
144,367,1,0,383,0,0;                                                 385P    446
406,1,12HCentre Block,0,0;                                           387P    447
308,0,,15,17,45,73,101,129,157,185,201,217,249,281,309,337,361,      389P    448
385,0,1,387;                                                         389P    449
406,1,14HCentre Block.1,0,0;                                         391P    450
408,389,0.0,0.0,0.0,1.0,0,1,391;                                     393P    451
124,0.0,0.0,-1.0,2.18497084,0.0,1.0,0.0,26.35116087,1.0,0.0,0.0,     395P    452
76.9104326,0,0;                                                      395P    453
110,6.0,0.0,-13.16,6.0,0.0,-12.16,0,0;                               397P    454
110,3.5,7.855134051E-012,-25.0107781,3.5,7.855134051E-012,           399P    455
-14.78313725,0,0;                                                    399P    456
120,397,399,0.0,6.283185307,0,0;                                     401P    457
126,8,5,0,0,1,0,0.0,0.0,0.0,0.0,0.0,0.0,5.237540725,5.237540725,     403P    458
5.237540725,11.12623821,11.12623821,11.12623821,11.12623821,         403P    459
11.12623821,11.12623821,1.0,1.0,1.0,1.0,1.0,1.0,1.0,1.0,1.0,8.5,     403P    460
0.0,-15.0,8.5,-0.7407001127,-15.0,8.225681672,-1.481400118,          403P    461
-14.95428028,7.678899681,-2.080187643,-14.86045229,6.167325435,      403P    462
-2.804845732,-14.73935279,4.538785286,-2.297403785,-14.82378954,     403P    463
3.84676758,-1.665575033,-14.9422054,3.5,-0.8327875844,-15.0,3.5,     403P    464
0.0,-15.0,0.0,11.12623821,0.0,0.0,0.0,0,0;                           403P    465
110,3.5,0.0,-15.0,3.5,0.0,-25.0,0,0;                                 405P    466
126,11,5,0,0,1,0,0.0,0.0,0.0,0.0,0.0,0.0,2.20734539,2.20734539,      407P    467
2.20734539,6.631743722,6.631743722,6.631743722,11.11389294,          407P    468
11.11389294,11.11389294,11.11389294,11.11389294,11.11389294,1.0,     407P    469
1.0,1.0,1.0,1.0,1.0,1.0,1.0,1.0,1.0,1.0,1.0,3.5,0.0,-25.0,3.5,       407P    470
-0.3121657787,-25.0,3.548723737,-0.6243315505,-24.99512763,          407P    471
3.646203573,-0.9262503957,-24.9853552,4.075206217,-1.772018916,      407P    472
-24.94551847,4.859924209,-2.360841129,-24.89167498,5.495692033,      407P    473
-2.573297793,-24.86615001,6.815766337,-2.571883854,-24.86986164,     407P    474
7.896832734,-1.814748412,-24.93881296,8.299103384,-1.267743215,      407P    475
-24.97991034,8.5,-0.6338716218,-25.0,8.5,0.0,-25.0,0.0,              407P    476
11.11389294,0.0,0.0,0.0,0,0;                                         407P    477
110,8.5,0.0,-25.0,8.5,0.0,-15.0,0,0;                                 409P    478
102,4,403,405,407,409,0,0;                                           411P    479
142,0,401,0,411,2,0,0;                                               413P    480
144,401,1,0,413,0,0;                                                 415P    481
110,6.0,0.0,0.0,7.0,0.0,0.0,0,0;                                     417P    482
110,0.0,-15.0,0.0,12.0,-15.0,0.0,0,0;                                419P    483
120,417,419,0.0,6.283185307,0,0;                                     421P    484
110,12.0,-15.0,0.0,0.0,-15.0,0.0,0,0;                                423P    485
124,0.0,0.0,1.0,0.0,-1.0,0.0,0.0,0.0,0.0,-1.0,0.0,0.0,0,0;           425P    486
100,0.0,0.0,0.0,15.0,0.0,-15.0,0.0,0,0;                              427P    487
110,0.0,15.0,0.0,12.0,15.0,0.0,0,0;                                  429P    488
124,0.0,0.0,-1.0,12.0,1.0,0.0,0.0,0.0,0.0,-1.0,0.0,0.0,0,0;          431P    489
100,0.0,0.0,0.0,15.0,0.0,-15.0,0.0,0,0;                              433P    490
102,4,423,427,429,433,0,0;                                           435P    491
142,0,421,0,435,2,0,0;                                               437P    492
126,8,5,0,0,1,0,0.0,0.0,0.0,0.0,0.0,0.0,5.888697482,5.888697482,     439P    493
5.888697482,11.12623821,11.12623821,11.12623821,11.12623821,         439P    494
11.12623821,11.12623821,1.0,1.0,1.0,1.0,1.0,1.0,1.0,1.0,1.0,3.5,     439P    495
0.0,-15.0,3.5,-0.8327875844,-15.0,3.84676758,-1.665570265,           439P    496
-14.9422054,4.538780407,-2.297404286,-14.82378969,6.167329775,       439P    497
-2.804845286,-14.73935266,7.678895821,-2.08018804,-14.86045241,      439P    498
8.225681672,-1.481396346,-14.95428028,8.5,-0.7407001127,-15.0,       439P    499
8.5,0.0,-15.0,0.0,11.12623821,0.0,0.0,0.0,0,0;                       439P    500
126,8,5,0,0,1,0,0.0,0.0,0.0,0.0,0.0,0.0,5.888697483,5.888697483,     441P    501
5.888697483,11.12623821,11.12623821,11.12623821,11.12623821,         441P    502
11.12623821,11.12623821,1.0,1.0,1.0,1.0,1.0,1.0,1.0,1.0,1.0,8.5,     441P    503
0.0,-15.0,8.5,0.8327875845,-15.0,8.15323242,1.665570265,             441P    504
-14.9422054,7.461219593,2.297404286,-14.82378969,5.832670225,        441P    505
2.804845286,-14.73935266,4.321104179,2.08018804,-14.86045241,        441P    506
3.774318328,1.481396346,-14.95428028,3.5,0.7407001128,-15.0,3.5,     441P    507
0.0,-15.0,0.0,11.12623821,0.0,0.0,0.0,0,0;                           441P    508
102,2,439,441,0,0;                                                   443P    509
142,0,421,0,443,2,0,0;                                               445P    510
144,421,1,1,437,445,0,0;                                             447P    511
110,6.0,0.0,0.0,7.0,0.0,0.0,0,0;                                     449P    512
110,0.0,15.0,0.0,12.0,15.0,0.0,0,0;                                  451P    513
120,449,451,0.0,6.283185307,0,0;                                     453P    514
110,12.0,15.0,0.0,0.0,15.0,0.0,0,0;                                  455P    515
124,0.0,0.0,1.0,0.0,1.0,0.0,0.0,0.0,0.0,1.0,0.0,0.0,0,0;             457P    516
100,0.0,0.0,0.0,15.0,0.0,-15.0,0.0,0,0;                              459P    517
110,0.0,-15.0,0.0,12.0,-15.0,0.0,0,0;                                461P    518
124,0.0,0.0,-1.0,12.0,-1.0,0.0,0.0,0.0,0.0,1.0,0.0,0.0,0,0;          463P    519
100,0.0,0.0,0.0,15.0,0.0,-15.0,0.0,0,0;                              465P    520
102,4,455,459,461,465,0,0;                                           467P    521
142,0,453,0,467,2,0,0;                                               469P    522
126,11,5,0,0,1,0,0.0,0.0,0.0,0.0,0.0,0.0,6.12743684,6.12743684,      471P    523
6.12743684,10.96185924,10.96185924,10.96185924,13.3622584,           471P    524
13.3622584,13.3622584,13.3622584,13.3622584,13.3622584,1.0,1.0,      471P    525
1.0,1.0,1.0,1.0,1.0,1.0,1.0,1.0,1.0,1.0,3.0,0.0,15.0,3.0,            471P    526
0.8665504281,15.0,3.312879018,1.733097169,14.9374242,                471P    527
3.934223524,2.439320836,14.80927302,5.395108973,3.195144712,         471P    528
14.65836698,6.991328442,2.959489306,14.70445785,7.642775441,         471P    529
2.651384676,14.77317256,8.43114753,1.947363724,14.89094668,          471P    530
8.855934534,1.008887846,14.97115684,8.951984032,0.6789348439,        471P    531
14.99039681,9.0,0.3394677049,15.0,9.0,0.0,15.0,0.0,13.3622584,       471P    532
0.0,0.0,0.0,0,0;                                                     471P    533
126,11,5,0,0,1,0,0.0,0.0,0.0,0.0,0.0,0.0,6.12743684,6.12743684,      473P    534
6.12743684,10.96185924,10.96185924,10.96185924,13.3622584,           473P    535
13.3622584,13.3622584,13.3622584,13.3622584,13.3622584,1.0,1.0,      473P    536
1.0,1.0,1.0,1.0,1.0,1.0,1.0,1.0,1.0,1.0,9.0,0.0,15.0,9.0,            473P    537
-0.8665504281,15.0,8.687120981,-1.733097169,14.9374242,              473P    538
8.065776476,-2.439320836,14.80927302,6.604891027,-3.195144712,       473P    539
14.65836698,5.008671558,-2.959489306,14.70445785,4.357224559,        473P    540
-2.651384676,14.77317256,3.56885247,-1.947363724,14.89094668,        473P    541
3.144065466,-1.008887846,14.97115684,3.048015968,-0.6789348439,      473P    542
14.99039681,3.0,-0.3394677049,15.0,3.0,0.0,15.0,0.0,13.3622584,      473P    543
0.0,0.0,0.0,0,0;                                                     473P    544
102,2,471,473,0,0;                                                   475P    545
142,0,453,0,475,2,0,0;                                               477P    546
144,453,1,1,469,477,0,0;                                             479P    547
108,1.0,0.0,0.0,12.0,0,12.0,0.0,0.0,1.0,0,0;                         481P    548
124,0.0,0.0,-1.0,12.0,1.0,0.0,0.0,0.0,0.0,-1.0,0.0,0.0,0,0;          483P    549
100,0.0,0.0,0.0,25.0,0.0,-25.0,0.0,0,0;                              485P    550
124,0.0,0.0,-1.0,12.0,-1.0,0.0,0.0,0.0,0.0,1.0,0.0,0.0,0,0;          487P    551
100,0.0,0.0,0.0,25.0,0.0,-25.0,0.0,0,0;                              489P    552
102,2,485,489,0,0;                                                   491P    553
142,0,481,0,491,2,0,0;                                               493P    554
124,0.0,0.0,1.0,12.0,1.0,0.0,0.0,0.0,0.0,1.0,0.0,0.0,0,0;            495P    555
100,0.0,0.0,0.0,15.0,0.0,-15.0,0.0,0,0;                              497P    556
124,0.0,0.0,1.0,12.0,-1.0,0.0,0.0,0.0,0.0,-1.0,0.0,0.0,0,0;          499P    557
100,0.0,0.0,0.0,15.0,0.0,-15.0,0.0,0,0;                              501P    558
102,2,497,501,0,0;                                                   503P    559
142,0,481,0,503,2,0,0;                                               505P    560
144,481,1,1,493,505,0,0;                                             507P    561
110,6.0,0.0,13.16,6.0,0.0,14.16,0,0;                                 509P    562
110,9.0,0.0,14.67876454,9.0,0.0,25.01265278,0,0;                     511P    563
120,509,511,0.0,6.283185307,0,0;                                     513P    564
126,11,5,0,0,1,0,0.0,0.0,0.0,0.0,0.0,0.0,2.400399161,                515P    565
2.400399161,2.400399161,7.234821564,7.234821564,7.234821564,         515P    566
13.3622584,13.3622584,13.3622584,13.3622584,13.3622584,              515P    567
13.3622584,1.0,1.0,1.0,1.0,1.0,1.0,1.0,1.0,1.0,1.0,1.0,1.0,9.0,      515P    568
0.0,15.0,9.0,0.3394677049,15.0,8.951984032,0.6789353871,             515P    569
14.99039681,8.855934227,1.008888311,14.97115694,8.431148147,         515P    570
1.947362788,14.89094648,7.642774197,2.65138656,14.77317297,          515P    571
6.991326172,2.95948896,14.70445773,5.395111851,3.19514515,           515P    572
14.65836713,3.934219877,2.43932028,14.80927283,3.312879019,          515P    573
1.733100709,14.9374242,3.0,0.8665504281,15.0,3.0,0.0,15.0,0.0,       515P    574
13.3622584,0.0,0.0,0.0,0,0;                                          515P    575
110,3.0,0.0,15.0,3.0,0.0,25.0,0,0;                                   517P    576
126,8,5,0,0,1,0,0.0,0.0,0.0,0.0,0.0,0.0,6.088924363,6.088924363,     519P    577
6.088924363,13.34045538,13.34045538,13.34045538,13.34045538,         519P    578
13.34045538,13.34045538,1.0,1.0,1.0,1.0,1.0,1.0,1.0,1.0,1.0,3.0,     519P    579
0.0,25.0,3.0,0.8611039415,25.0,3.308958332,1.72220783,24.962925,     519P    580
3.927204845,2.430813599,24.88680259,5.702205473,3.358651645,         519P    581
24.77726536,7.682491047,2.818099087,24.84013947,8.561794149,         519P    582
2.051042629,24.9474153,9.0,1.025521351,25.0,9.0,0.0,25.0,0.0,        519P    583
13.34045538,0.0,0.0,0.0,0,0;                                         519P    584
110,9.0,0.0,25.0,9.0,0.0,15.0,0,0;                                   521P    585
102,4,515,517,519,521,0,0;                                           523P    586
142,0,513,0,523,2,0,0;                                               525P    587
144,513,1,0,525,0,0;                                                 527P    588
110,6.0,0.0,13.16,6.0,0.0,14.16,0,0;                                 529P    589
110,3.0,9.426160861E-012,14.67876454,3.0,9.426160861E-012,           531P    590
25.01265278,0,0;                                                     531P    591
120,529,531,0.0,6.283185307,0,0;                                     533P    592
126,11,5,0,0,1,0,0.0,0.0,0.0,0.0,0.0,0.0,2.400399161,                535P    593
2.400399161,2.400399161,7.234821564,7.234821564,7.234821564,         535P    594
13.3622584,13.3622584,13.3622584,13.3622584,13.3622584,              535P    595
13.3622584,1.0,1.0,1.0,1.0,1.0,1.0,1.0,1.0,1.0,1.0,1.0,1.0,3.0,      535P    596
0.0,15.0,3.0,-0.3394677049,15.0,3.048015968,-0.6789353871,           535P    597
14.99039681,3.144065773,-1.008888311,14.97115694,3.568851853,        535P    598
-1.947362788,14.89094648,4.357225803,-2.65138656,14.77317297,        535P    599
5.008673828,-2.95948896,14.70445773,6.604888149,-3.19514515,         535P    600
14.65836713,8.065780123,-2.43932028,14.80927283,8.687120981,         535P    601
-1.733100709,14.9374242,9.0,-0.8665504281,15.0,9.0,0.0,15.0,0.0,     535P    602
13.3622584,0.0,0.0,0.0,0,0;                                          535P    603
110,9.0,0.0,15.0,9.0,0.0,25.0,0,0;                                   537P    604
126,8,5,0,0,1,0,0.0,0.0,0.0,0.0,0.0,0.0,6.088924363,6.088924363,     539P    605
6.088924363,13.34045538,13.34045538,13.34045538,13.34045538,         539P    606
13.34045538,13.34045538,1.0,1.0,1.0,1.0,1.0,1.0,1.0,1.0,1.0,9.0,     539P    607
0.0,25.0,9.0,-0.8611039415,25.0,8.691041668,-1.72220783,             539P    608
24.962925,8.072795155,-2.430813599,24.88680259,6.297794528,          539P    609
-3.358651645,24.77726536,4.317508953,-2.818099087,24.84013947,       539P    610
3.438205851,-2.051042628,24.9474153,3.0,-1.025521351,25.0,3.0,       539P    611
0.0,25.0,0.0,13.34045538,0.0,0.0,0.0,0,0;                            539P    612
110,3.0,0.0,25.0,3.0,0.0,15.0,0,0;                                   541P    613
102,4,535,537,539,541,0,0;                                           543P    614
142,0,533,0,543,2,0,0;                                               545P    615
144,533,1,0,545,0,0;                                                 547P    616
110,6.0,0.0,0.0,7.0,0.0,0.0,0,0;                                     549P    617
110,0.0,25.0,0.0,12.0,25.0,0.0,0,0;                                  551P    618
120,549,551,0.0,6.283185307,0,0;                                     553P    619
124,0.0,0.0,1.0,12.0,1.0,0.0,0.0,0.0,0.0,1.0,0.0,0.0,0,0;            555P    620
100,0.0,0.0,0.0,25.0,0.0,-25.0,0.0,0,0;                              557P    621
110,12.0,-25.0,0.0,0.0,-25.0,0.0,0,0;                                559P    622
124,0.0,0.0,-1.0,0.0,-1.0,0.0,0.0,0.0,0.0,1.0,0.0,0.0,0,0;           561P    623
100,0.0,0.0,0.0,25.0,0.0,-25.0,0.0,0,0;                              563P    624
110,0.0,25.0,0.0,12.0,25.0,0.0,0,0;                                  565P    625
102,4,557,559,563,565,0,0;                                           567P    626
142,0,553,0,567,2,0,0;                                               569P    627
126,8,5,0,0,1,0,0.0,0.0,0.0,0.0,0.0,0.0,7.251531018,7.251531018,     571P    628
7.251531018,13.34045538,13.34045538,13.34045538,13.34045538,         571P    629
13.34045538,13.34045538,1.0,1.0,1.0,1.0,1.0,1.0,1.0,1.0,1.0,3.0,     571P    630
0.0,25.0,3.0,-1.025521351,25.0,3.438205851,-2.051037539,             571P    631
24.9474153,4.317503842,-2.818099832,24.84013964,6.297798819,         571P    632
-3.35865102,24.77726522,8.072791552,-2.430814124,24.8868027,         571P    633
8.691041668,-1.722204242,24.962925,9.0,-0.8611039415,25.0,9.0,       571P    634
0.0,25.0,0.0,13.34045538,0.0,0.0,0.0,0,0;                            571P    635
126,8,5,0,0,1,0,0.0,0.0,0.0,0.0,0.0,0.0,7.251531019,7.251531019,     573P    636
7.251531019,13.34045538,13.34045538,13.34045538,13.34045538,         573P    637
13.34045538,13.34045538,1.0,1.0,1.0,1.0,1.0,1.0,1.0,1.0,1.0,9.0,     573P    638
0.0,25.0,9.0,1.025521351,25.0,8.561794149,2.051037539,               573P    639
24.9474153,7.682496158,2.818099832,24.84013964,5.702201181,          573P    640
3.35865102,24.77726522,3.927208448,2.430814124,24.8868027,           573P    641
3.308958332,1.722204242,24.962925,3.0,0.8611039415,25.0,3.0,0.0,     573P    642
25.0,0.0,13.34045538,0.0,0.0,0.0,0,0;                                573P    643
102,2,571,573,0,0;                                                   575P    644
142,0,553,0,575,2,0,0;                                               577P    645
144,553,1,1,569,577,0,0;                                             579P    646
108,1.0,0.0,0.0,0.0,0,0.0,0.0,0.0,1.0,0,0;                           581P    647
124,0.0,0.0,1.0,0.0,1.0,0.0,0.0,0.0,0.0,1.0,0.0,0.0,0,0;             583P    648
100,0.0,0.0,0.0,25.0,0.0,-25.0,0.0,0,0;                              585P    649
124,0.0,0.0,1.0,0.0,-1.0,0.0,0.0,0.0,0.0,-1.0,0.0,0.0,0,0;           587P    650
100,0.0,0.0,0.0,25.0,0.0,-25.0,0.0,0,0;                              589P    651
102,2,585,589,0,0;                                                   591P    652
142,0,581,0,591,2,0,0;                                               593P    653
124,0.0,0.0,-1.0,0.0,1.0,0.0,0.0,0.0,0.0,-1.0,0.0,0.0,0,0;           595P    654
100,0.0,0.0,0.0,15.0,0.0,-15.0,0.0,0,0;                              597P    655
124,0.0,0.0,-1.0,0.0,-1.0,0.0,0.0,0.0,0.0,1.0,0.0,0.0,0,0;           599P    656
100,0.0,0.0,0.0,15.0,0.0,-15.0,0.0,0,0;                              601P    657
102,2,597,601,0,0;                                                   603P    658
142,0,581,0,603,2,0,0;                                               605P    659
144,581,1,1,593,605,0,0;                                             607P    660
110,6.0,0.0,0.0,7.0,0.0,0.0,0,0;                                     609P    661
110,0.0,-25.0,0.0,12.0,-25.0,0.0,0,0;                                611P    662
120,609,611,0.0,6.283185307,0,0;                                     613P    663
124,0.0,0.0,1.0,12.0,-1.0,0.0,0.0,0.0,0.0,-1.0,0.0,0.0,0,0;          615P    664
100,0.0,0.0,0.0,25.0,0.0,-25.0,0.0,0,0;                              617P    665
110,12.0,25.0,0.0,0.0,25.0,0.0,0,0;                                  619P    666
124,0.0,0.0,-1.0,0.0,1.0,0.0,0.0,0.0,0.0,-1.0,0.0,0.0,0,0;           621P    667
100,0.0,0.0,0.0,25.0,0.0,-25.0,0.0,0,0;                              623P    668
110,0.0,-25.0,0.0,12.0,-25.0,0.0,0,0;                                625P    669
102,4,617,619,623,625,0,0;                                           627P    670
142,0,613,0,627,2,0,0;                                               629P    671
126,11,5,0,0,1,0,0.0,0.0,0.0,0.0,0.0,0.0,4.482149221,                631P    672
4.482149221,4.482149221,8.906547553,8.906547553,8.906547553,         631P    673
11.11389294,11.11389294,11.11389294,11.11389294,11.11389294,         631P    674
11.11389294,1.0,1.0,1.0,1.0,1.0,1.0,1.0,1.0,1.0,1.0,1.0,1.0,3.5,     631P    675
0.0,-25.0,3.5,0.6338716217,-25.0,3.700896616,1.267740402,            631P    676
-24.97991034,4.10316997,1.814749289,-24.93881312,5.184230994,        631P    677
2.571882989,-24.86986148,6.504310602,2.573298648,-24.86615016,       631P    678
7.140077411,2.360838894,-24.89167472,7.924792975,1.772020031,        631P    679
-24.9455186,8.35379683,0.9262498395,-24.98535514,8.451276263,        631P    680
0.6243308683,-24.99512763,8.5,0.3121657787,-25.0,8.5,0.0,-25.0,      631P    681
0.0,11.11389294,0.0,0.0,0.0,0,0;                                     631P    682
126,11,5,0,0,1,0,0.0,0.0,0.0,0.0,0.0,0.0,4.482149222,                633P    683
4.482149222,4.482149222,8.906547554,8.906547554,8.906547554,         633P    684
11.11389294,11.11389294,11.11389294,11.11389294,11.11389294,         633P    685
11.11389294,1.0,1.0,1.0,1.0,1.0,1.0,1.0,1.0,1.0,1.0,1.0,1.0,8.5,     633P    686
0.0,-25.0,8.5,-0.6338716218,-25.0,8.299103384,-1.267740402,          633P    687
-24.97991034,7.89683003,-1.814749289,-24.93881312,6.815769006,       633P    688
-2.571882989,-24.86986148,5.495689398,-2.573298647,-24.86615016,     633P    689
4.85992259,-2.360838894,-24.89167472,4.075207025,-1.772020031,       633P    690
-24.9455186,3.64620317,-0.9262498395,-24.98535514,3.548723737,       633P    691
-0.6243308683,-24.99512763,3.5,-0.3121657787,-25.0,3.5,0.0,          633P    692
-25.0,0.0,11.11389294,0.0,0.0,0.0,0,0;                               633P    693
102,2,631,633,0,0;                                                   635P    694
142,0,613,0,635,2,0,0;                                               637P    695
144,613,1,1,629,637,0,0;                                             639P    696
110,6.0,0.0,-13.16,6.0,0.0,-12.16,0,0;                               641P    697
110,8.5,0.0,-25.0107781,8.5,0.0,-14.78313725,0,0;                    643P    698
120,641,643,0.0,6.283185307,0,0;                                     645P    699
126,8,5,0,0,1,0,0.0,0.0,0.0,0.0,0.0,0.0,5.237540726,5.237540726,     647P    700
5.237540726,11.12623821,11.12623821,11.12623821,11.12623821,         647P    701
11.12623821,11.12623821,1.0,1.0,1.0,1.0,1.0,1.0,1.0,1.0,1.0,3.5,     647P    702
0.0,-15.0,3.5,0.7407001128,-15.0,3.774318329,1.481400118,            647P    703
-14.95428028,4.321100319,2.080187643,-14.86045229,5.832674565,       647P    704
2.804845732,-14.73935279,7.461214714,2.297403785,-14.82378954,       647P    705
8.15323242,1.665575033,-14.9422054,8.5,0.8327875845,-15.0,8.5,       647P    706
0.0,-15.0,0.0,11.12623821,0.0,0.0,0.0,0,0;                           647P    707
110,8.5,0.0,-15.0,8.5,0.0,-25.0,0,0;                                 649P    708
126,11,5,0,0,1,0,0.0,0.0,0.0,0.0,0.0,0.0,2.20734539,2.20734539,      651P    709
2.20734539,6.631743721,6.631743721,6.631743721,11.11389294,          651P    710
11.11389294,11.11389294,11.11389294,11.11389294,11.11389294,1.0,     651P    711
1.0,1.0,1.0,1.0,1.0,1.0,1.0,1.0,1.0,1.0,1.0,8.5,0.0,-25.0,8.5,       651P    712
0.3121657787,-25.0,8.451276263,0.6243315505,-24.99512763,            651P    713
8.353796427,0.9262503957,-24.9853552,7.924793783,1.772018916,        651P    714
-24.94551847,7.140075792,2.360841129,-24.89167498,6.504307967,       651P    715
2.573297793,-24.86615001,5.184233663,2.571883854,-24.86986164,       651P    716
4.103167266,1.814748412,-24.93881296,3.700896616,1.267743215,        651P    717
-24.97991034,3.5,0.6338716217,-25.0,3.5,0.0,-25.0,0.0,               651P    718
11.11389294,0.0,0.0,0.0,0,0;                                         651P    719
110,3.5,0.0,-25.0,3.5,0.0,-15.0,0,0;                                 653P    720
102,4,647,649,651,653,0,0;                                           655P    721
142,0,645,0,655,2,0,0;                                               657P    722
144,645,1,0,657,0,0;                                                 659P    723
308,0,6HCollar,10,415,447,479,507,527,547,579,607,639,659,0,0;       661P    724
408,661,0.0,0.0,0.0,1.0,0,0;                                         663P    725
124,-0.9872366321,-0.136145059,-0.08263386171,-80.11071662,          665P    726
0.08185913569,0.01128879997,-0.9965799742,33.17490872,               665P    727
0.1366122766,-0.9906245938,0.0,2.057985047,0,0;                      665P    728
110,-45.0,0.0,-80.9,-45.0,0.0,-79.9,0,0;                             667P    729
110,-58.16373843,-7.191383079,-81.0,-58.16373843,-7.191383079,       669P    730
-53.0,0,0;                                                           669P    731
120,667,669,0.0,6.283185307,0,0;                                     671P    732
124,0.8775825619,0.4794255386,0.0,-45.0,0.4794255386,                673P    733
-0.8775825619,0.0,0.0,0.0,0.0,-1.0,-53.0,0,0;                        673P    734
100,0.0,0.0,0.0,15.0,0.0,-15.0,0.0,0,0;                              675P    735
110,-58.16373843,-7.191383079,-53.0,-58.16373843,-7.191383079,       677P    736
-81.0,0,0;                                                           677P    737
124,-0.8775825619,0.4794255386,0.0,-45.0,-0.4794255386,              679P    738
-0.8775825619,0.0,0.0,0.0,0.0,1.0,-81.0,0,0;                         679P    739
100,0.0,0.0,0.0,15.0,0.0,-15.0,0.0,0,0;                              681P    740
110,-31.83626157,7.191383079,-81.0,-31.83626157,7.191383079,         683P    741
-53.0,0,0;                                                           683P    742
102,4,675,677,681,683,0,0;                                           685P    743
142,0,671,0,685,2,0,0;                                               687P    744
144,671,1,0,687,0,0;                                                 689P    745
110,0.0,44.0,-53.0,0.0,-44.0,-53.0,0,0;                              691P    746
110,0.0,-44.0,-53.0,-49.7724712,-37.69911827,-53.0,0,0;              693P    747
124,-0.1255913474,-0.9920820598,0.0,-45.0,-0.9920820598,             695P    748
0.1255913474,0.0,0.0,0.0,0.0,-1.0,-53.0,0,0;                         695P    749
100,0.0,0.0,0.0,38.0,0.0,-36.80123782,9.46936612,0,0;                697P    750
110,-49.7724712,37.69911827,-53.0,0.0,44.0,-53.0,0,0;                699P    751
102,4,691,693,697,699,0,0;                                           701P    752
142,0,311,0,701,2,0,0;                                               703P    753
124,-0.8775825619,0.4794255386,0.0,-45.0,-0.4794255386,              705P    754
-0.8775825619,0.0,0.0,0.0,0.0,1.0,-53.0,0,0;                         705P    755
100,0.0,0.0,0.0,15.0,0.0,-15.0,0.0,0,0;                              707P    756
124,0.8775825619,-0.4794255386,0.0,-45.0,0.4794255386,               709P    757
0.8775825619,0.0,0.0,0.0,0.0,1.0,-53.0,0,0;                          709P    758
100,0.0,0.0,0.0,15.0,0.0,-15.0,0.0,0,0;                              711P    759
102,2,707,711,0,0;                                                   713P    760
142,0,311,0,713,2,0,0;                                               715P    761
144,311,1,1,703,715,0,0;                                             717P    762
108,0.1255913474,-0.9920820598,0.0,-43.65161063,0,0.0,44.0,81.0,     719P    763
1.0,0,0;                                                             719P    764
110,0.0,44.0,-53.0,-49.7724712,37.69911827,-53.0,0,0;                721P    765
110,-49.7724712,37.69911827,-53.0,-49.7724712,37.69911827,-81.0,     723P    766
0,0;                                                                 723P    767
110,-49.7724712,37.69911827,-81.0,0.0,44.0,-81.0,0,0;                725P    768
110,0.0,44.0,-81.0,0.0,44.0,-53.0,0,0;                               727P    769
102,4,721,723,725,727,0,0;                                           729P    770
142,0,719,0,729,2,0,0;                                               731P    771
144,719,1,0,731,0,0;                                                 733P    772
110,-45.0,0.0,67.0,-45.0,0.0,68.0,0,0;                               735P    773
110,-49.7724712,37.69911827,-81.0,-49.7724712,37.69911827,-53.0,     737P    774
0,0;                                                                 737P    775
120,735,737,0.0,6.283185307,0,0;                                     739P    776
124,-0.1255913474,-0.9920820598,0.0,-45.0,0.9920820598,              741P    777
-0.1255913474,0.0,0.0,0.0,0.0,1.0,-53.0,0,0;                         741P    778
100,0.0,0.0,0.0,38.0,0.0,-36.80123782,9.46936612,0,0;                743P    779
110,-49.7724712,-37.69911827,-53.0,-49.7724712,-37.69911827,         745P    780
-81.0,0,0;                                                           745P    781
124,-0.1255913474,-0.9920820598,0.0,-45.0,-0.9920820598,             747P    782
0.1255913474,0.0,0.0,0.0,0.0,-1.0,-81.0,0,0;                         747P    783
100,0.0,0.0,0.0,38.0,0.0,-36.80123782,9.46936612,0,0;                749P    784
110,-49.7724712,37.69911827,-81.0,-49.7724712,37.69911827,-53.0,     751P    785
0,0;                                                                 751P    786
102,4,743,745,749,751,0,0;                                           753P    787
142,0,739,0,753,2,0,0;                                               755P    788
144,739,1,0,755,0,0;                                                 757P    789
108,-0.1255913474,-0.9920820598,0.0,43.65161063,0,0.0,-44.0,         759P    790
81.0,1.0,0,0;                                                        759P    791
110,-49.7724712,-37.69911827,-53.0,0.0,-44.0,-53.0,0,0;              761P    792
110,0.0,-44.0,-53.0,0.0,-44.0,-81.0,0,0;                             763P    793
110,0.0,-44.0,-81.0,-49.7724712,-37.69911827,-81.0,0,0;              765P    794
110,-49.7724712,-37.69911827,-81.0,-49.7724712,-37.69911827,         767P    795
-53.0,0,0;                                                           767P    796
102,4,761,763,765,767,0,0;                                           769P    797
142,0,759,0,769,2,0,0;                                               771P    798
144,759,1,0,771,0,0;                                                 773P    799
110,0.0,44.0,53.0,-49.7724712,37.69911827,53.0,0,0;                  775P    800
124,-0.1255913474,-0.9920820598,0.0,-45.0,0.9920820598,              777P    801
-0.1255913474,0.0,0.0,0.0,0.0,1.0,53.0,0,0;                          777P    802
100,0.0,0.0,0.0,38.0,0.0,-36.80123782,9.46936612,0,0;                779P    803
110,-49.7724712,-37.69911827,53.0,0.0,-44.0,53.0,0,0;                781P    804
110,0.0,-44.0,53.0,0.0,44.0,53.0,0,0;                                783P    805
102,4,775,779,781,783,0,0;                                           785P    806
142,0,283,0,785,2,0,0;                                               787P    807
124,-0.8775825619,-0.4794255386,0.0,-45.0,-0.4794255386,             789P    808
0.8775825619,0.0,0.0,0.0,0.0,-1.0,53.0,0,0;                          789P    809
100,0.0,0.0,0.0,15.0,0.0,-15.0,0.0,0,0;                              791P    810
124,0.8775825619,0.4794255386,0.0,-45.0,0.4794255386,                793P    811
-0.8775825619,0.0,0.0,0.0,0.0,-1.0,53.0,0,0;                         793P    812
100,0.0,0.0,0.0,15.0,0.0,-15.0,0.0,0,0;                              795P    813
102,2,791,795,0,0;                                                   797P    814
142,0,283,0,797,2,0,0;                                               799P    815
144,283,1,1,787,799,0,0;                                             801P    816
110,-45.0,0.0,-80.9,-45.0,0.0,-79.9,0,0;                             803P    817
110,-31.83626157,7.191383079,53.0,-31.83626157,7.191383079,81.0,     805P    818
0,0;                                                                 805P    819
120,803,805,0.0,6.283185307,0,0;                                     807P    820
124,0.8775825619,-0.4794255386,0.0,-45.0,0.4794255386,               809P    821
0.8775825619,0.0,0.0,0.0,0.0,1.0,53.0,0,0;                           809P    822
100,0.0,0.0,0.0,15.0,0.0,-15.0,0.0,0,0;                              811P    823
110,-58.16373843,-7.191383079,53.0,-58.16373843,-7.191383079,        813P    824
81.0,0,0;                                                            813P    825
124,-0.8775825619,-0.4794255386,0.0,-45.0,-0.4794255386,             815P    826
0.8775825619,0.0,0.0,0.0,0.0,-1.0,81.0,0,0;                          815P    827
100,0.0,0.0,0.0,15.0,0.0,-15.0,0.0,0,0;                              817P    828
110,-31.83626157,7.191383079,81.0,-31.83626157,7.191383079,53.0,     819P    829
0,0;                                                                 819P    830
102,4,811,813,817,819,0,0;                                           821P    831
142,0,807,0,821,2,0,0;                                               823P    832
144,807,1,0,823,0,0;                                                 825P    833
110,-45.0,0.0,-80.9,-45.0,0.0,-79.9,0,0;                             827P    834
110,-58.16373843,-7.191383079,53.0,-58.16373843,-7.191383079,        829P    835
81.0,0,0;                                                            829P    836
120,827,829,0.0,6.283185307,0,0;                                     831P    837
124,-0.8775825619,0.4794255386,0.0,-45.0,-0.4794255386,              833P    838
-0.8775825619,0.0,0.0,0.0,0.0,1.0,53.0,0,0;                          833P    839
100,0.0,0.0,0.0,15.0,0.0,-15.0,0.0,0,0;                              835P    840
110,-31.83626157,7.191383079,53.0,-31.83626157,7.191383079,81.0,     837P    841
0,0;                                                                 837P    842
124,0.8775825619,0.4794255386,0.0,-45.0,0.4794255386,                839P    843
-0.8775825619,0.0,0.0,0.0,0.0,-1.0,81.0,0,0;                         839P    844
100,0.0,0.0,0.0,15.0,0.0,-15.0,0.0,0,0;                              841P    845
110,-58.16373843,-7.191383079,81.0,-58.16373843,-7.191383079,        843P    846
53.0,0,0;                                                            843P    847
102,4,835,837,841,843,0,0;                                           845P    848
142,0,831,0,845,2,0,0;                                               847P    849
144,831,1,0,847,0,0;                                                 849P    850
110,57.5,0.0,0.0,58.5,0.0,0.0,0,0;                                   851P    851
110,30.0,44.0,0.0,85.0,44.0,0.0,0,0;                                 853P    852
120,851,853,0.0,6.283185307,0,0;                                     855P    853
124,0.0,0.0,1.0,85.0,1.0,0.0,0.0,0.0,0.0,1.0,0.0,0.0,0,0;            857P    854
100,0.0,0.0,0.0,44.0,0.0,-44.0,0.0,0,0;                              859P    855
110,85.0,-44.0,0.0,30.0,-44.0,0.0,0,0;                               861P    856
124,0.0,0.0,-1.0,30.0,-1.0,0.0,0.0,0.0,0.0,1.0,0.0,0.0,0,0;          863P    857
100,0.0,0.0,0.0,44.0,0.0,-44.0,0.0,0,0;                              865P    858
110,30.0,44.0,0.0,85.0,44.0,0.0,0,0;                                 867P    859
102,4,859,861,865,867,0,0;                                           869P    860
142,0,855,0,869,2,0,0;                                               871P    861
144,855,1,0,871,0,0;                                                 873P    862
110,57.5,0.0,0.0,58.5,0.0,0.0,0,0;                                   875P    863
110,30.0,-44.0,0.0,85.0,-44.0,0.0,0,0;                               877P    864
120,875,877,0.0,6.283185307,0,0;                                     879P    865
124,0.0,0.0,1.0,85.0,-1.0,0.0,0.0,0.0,0.0,-1.0,0.0,0.0,0,0;          881P    866
100,0.0,0.0,0.0,44.0,0.0,-44.0,0.0,0,0;                              883P    867
110,85.0,44.0,0.0,30.0,44.0,0.0,0,0;                                 885P    868
124,0.0,0.0,-1.0,30.0,1.0,0.0,0.0,0.0,0.0,-1.0,0.0,0.0,0,0;          887P    869
100,0.0,0.0,0.0,44.0,0.0,-44.0,0.0,0,0;                              889P    870
110,30.0,-44.0,0.0,85.0,-44.0,0.0,0,0;                               891P    871
102,4,883,885,889,891,0,0;                                           893P    872
142,0,879,0,893,2,0,0;                                               895P    873
144,879,1,0,895,0,0;                                                 897P    874
108,1.0,0.0,0.0,30.0,0,30.0,0.0,0.0,1.0,0,0;                         899P    875
124,0.0,0.0,1.0,30.0,1.0,0.0,0.0,0.0,0.0,1.0,0.0,0.0,0,0;            901P    876
100,0.0,0.0,0.0,44.0,0.0,-44.0,0.0,0,0;                              903P    877
110,30.0,-44.0,0.0,30.0,-44.0,81.0,0,0;                              905P    878
110,30.0,-44.0,81.0,30.0,44.0,81.0,0,0;                              907P    879
110,30.0,44.0,81.0,30.0,44.0,0.0,0,0;                                909P    880
102,4,903,905,907,909,0,0;                                           911P    881
142,0,899,0,911,2,0,0;                                               913P    882
144,899,1,0,913,0,0;                                                 915P    883
124,0.0,0.0,1.0,30.0,-1.0,0.0,0.0,0.0,0.0,-1.0,0.0,0.0,0,0;          917P    884
100,0.0,0.0,0.0,44.0,0.0,-44.0,0.0,0,0;                              919P    885
110,30.0,44.0,0.0,30.0,44.0,-81.0,0,0;                               921P    886
110,30.0,44.0,-81.0,30.0,-44.0,-81.0,0,0;                            923P    887
110,30.0,-44.0,-81.0,30.0,-44.0,0.0,0,0;                             925P    888
102,4,919,921,923,925,0,0;                                           927P    889
142,0,899,0,927,2,0,0;                                               929P    890
144,899,1,0,929,0,0;                                                 931P    891
108,0.0,0.0,-1.0,-81.0,0,0.0,-44.0,81.0,1.0,0,0;                     933P    892
110,0.0,44.0,81.0,30.0,44.0,81.0,0,0;                                935P    893
110,30.0,44.0,81.0,30.0,-44.0,81.0,0,0;                              937P    894
110,30.0,-44.0,81.0,0.0,-44.0,81.0,0,0;                              939P    895
110,0.0,-44.0,81.0,-49.7724712,-37.69911827,81.0,0,0;                941P    896
124,-0.1255913474,-0.9920820598,0.0,-45.0,-0.9920820598,             943P    897
0.1255913474,0.0,0.0,0.0,0.0,-1.0,81.0,0,0;                          943P    898
100,0.0,0.0,0.0,38.0,0.0,-36.80123782,9.46936612,0,0;                945P    899
110,-49.7724712,37.69911827,81.0,0.0,44.0,81.0,0,0;                  947P    900
102,6,935,937,939,941,945,947,0,0;                                   949P    901
142,0,933,0,949,2,0,0;                                               951P    902
124,0.8775825619,-0.4794255386,0.0,-45.0,0.4794255386,               953P    903
0.8775825619,0.0,0.0,0.0,0.0,1.0,81.0,0,0;                           953P    904
100,0.0,0.0,0.0,15.0,0.0,-15.0,0.0,0,0;                              955P    905
124,-0.8775825619,0.4794255386,0.0,-45.0,-0.4794255386,              957P    906
-0.8775825619,0.0,0.0,0.0,0.0,1.0,81.0,0,0;                          957P    907
100,0.0,0.0,0.0,15.0,0.0,-15.0,0.0,0,0;                              959P    908
102,2,955,959,0,0;                                                   961P    909
142,0,933,0,961,2,0,0;                                               963P    910
144,933,1,1,951,963,0,0;                                             965P    911
110,-49.7724712,-37.69911827,53.0,-49.7724712,-37.69911827,81.0,     967P    912
0,0;                                                                 967P    913
110,-49.7724712,-37.69911827,81.0,0.0,-44.0,81.0,0,0;                969P    914
110,0.0,-44.0,81.0,0.0,-44.0,53.0,0,0;                               971P    915
110,0.0,-44.0,53.0,-49.7724712,-37.69911827,53.0,0,0;                973P    916
102,4,967,969,971,973,0,0;                                           975P    917
142,0,759,0,975,2,0,0;                                               977P    918
144,759,1,0,977,0,0;                                                 979P    919
110,-45.0,0.0,67.0,-45.0,0.0,68.0,0,0;                               981P    920
110,-49.7724712,37.69911827,53.0,-49.7724712,37.69911827,81.0,0,     983P    921
0;                                                                   983P    922
120,981,983,0.0,6.283185307,0,0;                                     985P    923
110,-49.7724712,37.69911827,53.0,-49.7724712,37.69911827,81.0,0,     987P    924
0;                                                                   987P    925
124,-0.1255913474,-0.9920820598,0.0,-45.0,0.9920820598,              989P    926
-0.1255913474,0.0,0.0,0.0,0.0,1.0,81.0,0,0;                          989P    927
100,0.0,0.0,0.0,38.0,0.0,-36.80123782,9.46936612,0,0;                991P    928
110,-49.7724712,-37.69911827,81.0,-49.7724712,-37.69911827,53.0,     993P    929
0,0;                                                                 993P    930
124,-0.1255913474,-0.9920820598,0.0,-45.0,-0.9920820598,             995P    931
0.1255913474,0.0,0.0,0.0,0.0,-1.0,53.0,0,0;                          995P    932
100,0.0,0.0,0.0,38.0,0.0,-36.80123782,9.46936612,0,0;                997P    933
102,4,987,991,993,997,0,0;                                           999P    934
142,0,985,0,999,2,0,0;                                              1001P    935
144,985,1,0,1001,0,0;                                               1003P    936
110,0.0,44.0,53.0,0.0,44.0,81.0,0,0;                                1005P    937
110,0.0,44.0,81.0,-49.7724712,37.69911827,81.0,0,0;                 1007P    938
110,-49.7724712,37.69911827,81.0,-49.7724712,37.69911827,53.0,0,    1009P    939
0;                                                                  1009P    940
110,-49.7724712,37.69911827,53.0,0.0,44.0,53.0,0,0;                 1011P    941
102,4,1005,1007,1009,1011,0,0;                                      1013P    942
142,0,719,0,1013,2,0,0;                                             1015P    943
144,719,1,0,1015,0,0;                                               1017P    944
110,84.9,0.0,0.0,83.9,0.0,0.0,0,0;                                  1019P    945
110,85.0,21.93956405,-11.98563847,0.0,21.93956405,-11.98563847,     1021P    946
0,0;                                                                1021P    947
120,1019,1021,0.0,6.283185307,0,0;                                  1023P    948
110,85.0,-21.93956405,11.98563847,0.0,-21.93956405,11.98563847,     1025P    949
0,0;                                                                1025P    950
124,0.0,0.0,1.0,0.0,-0.8775825619,-0.4794255386,0.0,0.0,            1027P    951
0.4794255386,-0.8775825619,0.0,0.0,0,0;                             1027P    952
100,0.0,0.0,0.0,25.0,0.0,-25.0,0.0,0,0;                             1029P    953
110,0.0,21.93956405,-11.98563847,85.0,21.93956405,-11.98563847,     1031P    954
0,0;                                                                1031P    955
124,0.0,0.0,-1.0,85.0,0.8775825619,-0.4794255386,0.0,0.0,           1033P    956
-0.4794255386,-0.8775825619,0.0,0.0,0,0;                            1033P    957
100,0.0,0.0,0.0,25.0,0.0,-25.0,0.0,0,0;                             1035P    958
102,4,1025,1029,1031,1035,0,0;                                      1037P    959
142,0,1023,0,1037,2,0,0;                                            1039P    960
144,1023,1,0,1039,0,0;                                              1041P    961
108,0.0,1.0,0.0,-44.0,0,0.0,-44.0,-81.0,1.0,0,0;                    1043P    962
110,30.0,-44.0,0.0,30.0,-44.0,-81.0,0,0;                            1045P    963
110,30.0,-44.0,-81.0,0.0,-44.0,-81.0,0,0;                           1047P    964
110,0.0,-44.0,-81.0,0.0,-44.0,-53.0,0,0;                            1049P    965
110,0.0,-44.0,-53.0,0.0,-44.0,53.0,0,0;                             1051P    966
110,0.0,-44.0,53.0,0.0,-44.0,81.0,0,0;                              1053P    967
110,0.0,-44.0,81.0,30.0,-44.0,81.0,0,0;                             1055P    968
110,30.0,-44.0,81.0,30.0,-44.0,0.0,0,0;                             1057P    969
102,7,1045,1047,1049,1051,1053,1055,1057,0,0;                       1059P    970
142,0,1043,0,1059,2,0,0;                                            1061P    971
144,1043,1,0,1061,0,0;                                              1063P    972
108,0.0,-1.0,0.0,-44.0,0,0.0,44.0,81.0,1.0,0,0;                     1065P    973
110,30.0,44.0,-81.0,30.0,44.0,0.0,0,0;                              1067P    974
110,30.0,44.0,0.0,30.0,44.0,81.0,0,0;                               1069P    975
110,30.0,44.0,81.0,0.0,44.0,81.0,0,0;                               1071P    976
110,0.0,44.0,81.0,0.0,44.0,53.0,0,0;                                1073P    977
110,0.0,44.0,53.0,0.0,44.0,-53.0,0,0;                               1075P    978
110,0.0,44.0,-53.0,0.0,44.0,-81.0,0,0;                              1077P    979
110,0.0,44.0,-81.0,30.0,44.0,-81.0,0,0;                             1079P    980
102,7,1067,1069,1071,1073,1075,1077,1079,0,0;                       1081P    981
142,0,1065,0,1081,2,0,0;                                            1083P    982
144,1065,1,0,1083,0,0;                                              1085P    983
108,0.0,0.0,1.0,-81.0,0,0.0,44.0,-81.0,1.0,0,0;                     1087P    984
110,0.0,44.0,-81.0,-49.7724712,37.69911827,-81.0,0,0;               1089P    985
124,-0.1255913474,-0.9920820598,0.0,-45.0,0.9920820598,             1091P    986
-0.1255913474,0.0,0.0,0.0,0.0,1.0,-81.0,0,0;                        1091P    987
100,0.0,0.0,0.0,38.0,0.0,-36.80123782,9.46936612,0,0;               1093P    988
110,-49.7724712,-37.69911827,-81.0,0.0,-44.0,-81.0,0,0;             1095P    989
110,0.0,-44.0,-81.0,30.0,-44.0,-81.0,0,0;                           1097P    990
110,30.0,-44.0,-81.0,30.0,44.0,-81.0,0,0;                           1099P    991
110,30.0,44.0,-81.0,0.0,44.0,-81.0,0,0;                             1101P    992
102,6,1089,1093,1095,1097,1099,1101,0,0;                            1103P    993
142,0,1087,0,1103,2,0,0;                                            1105P    994
124,-0.8775825619,-0.4794255386,0.0,-45.0,-0.4794255386,            1107P    995
0.8775825619,0.0,0.0,0.0,0.0,-1.0,-81.0,0,0;                        1107P    996
100,0.0,0.0,0.0,15.0,0.0,-15.0,0.0,0,0;                             1109P    997
124,0.8775825619,0.4794255386,0.0,-45.0,0.4794255386,               1111P    998
-0.8775825619,0.0,0.0,0.0,0.0,-1.0,-81.0,0,0;                       1111P    999
100,0.0,0.0,0.0,15.0,0.0,-15.0,0.0,0,0;                             1113P   1000
102,2,1109,1113,0,0;                                                1115P   1001
142,0,1087,0,1115,2,0,0;                                            1117P   1002
144,1087,1,1,1105,1117,0,0;                                         1119P   1003
110,-45.0,0.0,-80.9,-45.0,0.0,-79.9,0,0;                            1121P   1004
110,-31.83626157,7.191383079,-81.0,-31.83626157,7.191383079,        1123P   1005
-53.0,0,0;                                                          1123P   1006
120,1121,1123,0.0,6.283185307,0,0;                                  1125P   1007
124,-0.8775825619,-0.4794255386,0.0,-45.0,-0.4794255386,            1127P   1008
0.8775825619,0.0,0.0,0.0,0.0,-1.0,-53.0,0,0;                        1127P   1009
100,0.0,0.0,0.0,15.0,0.0,-15.0,0.0,0,0;                             1129P   1010
110,-31.83626157,7.191383079,-53.0,-31.83626157,7.191383079,        1131P   1011
-81.0,0,0;                                                          1131P   1012
124,0.8775825619,-0.4794255386,0.0,-45.0,0.4794255386,              1133P   1013
0.8775825619,0.0,0.0,0.0,0.0,1.0,-81.0,0,0;                         1133P   1014
100,0.0,0.0,0.0,15.0,0.0,-15.0,0.0,0,0;                             1135P   1015
110,-58.16373843,-7.191383079,-81.0,-58.16373843,-7.191383079,      1137P   1016
-53.0,0,0;                                                          1137P   1017
102,4,1129,1131,1135,1137,0,0;                                      1139P   1018
142,0,1125,0,1139,2,0,0;                                            1141P   1019
144,1125,1,0,1141,0,0;                                              1143P   1020
110,84.9,0.0,0.0,83.9,0.0,0.0,0,0;                                  1145P   1021
110,85.0,-21.93956405,11.98563847,0.0,-21.93956405,11.98563847,     1147P   1022
0,0;                                                                1147P   1023
120,1145,1147,0.0,6.283185307,0,0;                                  1149P   1024
124,0.0,0.0,1.0,0.0,-0.16,-0.9871170143,0.0,0.0,0.9871170143,       1151P   1025
-0.16,0.0,0.0,0,0;                                                  1151P   1026
100,0.0,0.0,0.0,25.0,0.0,15.3415579,19.7392148,0,0;                 1153P   1027
110,0.0,-21.93956405,11.98563847,85.0,-21.93956405,11.98563847,     1155P   1028
0,0;                                                                1155P   1029
124,0.0,0.0,-1.0,85.0,-0.8775825619,0.4794255386,0.0,0.0,           1157P   1030
0.4794255386,0.8775825619,0.0,0.0,0,0;                              1157P   1031
100,0.0,0.0,0.0,25.0,0.0,15.3415579,19.7392148,0,0;                 1159P   1032
110,85.0,-4.0,24.67792536,0.0,-4.0,24.67792536,0,0;                 1161P   1033
102,4,1153,1155,1159,1161,0,0;                                      1163P   1034
142,0,1149,0,1163,2,0,0;                                            1165P   1035
144,1149,1,0,1165,0,0;                                              1167P   1036
110,84.9,0.0,0.0,83.9,0.0,0.0,0,0;                                  1169P   1037
110,85.0,4.0,24.67792536,0.0,4.0,24.67792536,0,0;                   1171P   1038
120,1169,1171,0.0,6.283185307,0,0;                                  1173P   1039
124,0.0,0.0,-1.0,85.0,0.16,0.9871170143,0.0,0.0,0.9871170143,       1175P   1040
-0.16,0.0,0.0,0,0;                                                  1175P   1041
100,0.0,0.0,0.0,25.0,0.0,-8.320897409,23.57461911,0,0;              1177P   1042
110,85.0,21.93956405,-11.98563847,0.0,21.93956405,-11.98563847,     1179P   1043
0,0;                                                                1179P   1044
124,0.0,0.0,1.0,0.0,0.8775825619,0.4794255386,0.0,0.0,              1181P   1045
-0.4794255386,0.8775825619,0.0,0.0,0,0;                             1181P   1046
100,0.0,0.0,0.0,25.0,0.0,-8.320897409,23.57461911,0,0;              1183P   1047
110,0.0,4.0,24.67792536,85.0,4.0,24.67792536,0,0;                   1185P   1048
102,4,1177,1179,1183,1185,0,0;                                      1187P   1049
142,0,1173,0,1187,2,0,0;                                            1189P   1050
144,1173,1,0,1189,0,0;                                              1191P   1051
108,1.0,0.0,0.0,85.0,0,85.0,0.0,0.0,1.0,0,0;                        1193P   1052
124,0.0,0.0,-1.0,85.0,1.0,0.0,0.0,0.0,0.0,-1.0,0.0,0.0,0,0;         1195P   1053
100,0.0,0.0,0.0,44.0,0.0,-44.0,0.0,0,0;                             1197P   1054
124,0.0,0.0,-1.0,85.0,-1.0,0.0,0.0,0.0,0.0,1.0,0.0,0.0,0,0;         1199P   1055
100,0.0,0.0,0.0,44.0,0.0,-44.0,0.0,0,0;                             1201P   1056
102,2,1197,1201,0,0;                                                1203P   1057
142,0,1193,0,1203,2,0,0;                                            1205P   1058
110,85.0,4.0,24.67792536,85.0,4.0,29.0,0,0;                         1207P   1059
110,85.0,4.0,29.0,85.0,-4.0,29.0,0,0;                               1209P   1060
110,85.0,-4.0,29.0,85.0,-4.0,24.67792536,0,0;                       1211P   1061
124,0.0,0.0,1.0,85.0,-0.16,-0.9871170143,0.0,0.0,0.9871170143,      1213P   1062
-0.16,0.0,0.0,0,0;                                                  1213P   1063
100,0.0,0.0,0.0,25.0,0.0,15.3415579,19.7392148,0,0;                 1215P   1064
124,0.0,0.0,1.0,85.0,-0.8775825619,-0.4794255386,0.0,0.0,           1217P   1065
0.4794255386,-0.8775825619,0.0,0.0,0,0;                             1217P   1066
100,0.0,0.0,0.0,25.0,0.0,-25.0,0.0,0,0;                             1219P   1067
124,0.0,0.0,1.0,85.0,0.8775825619,0.4794255386,0.0,0.0,             1221P   1068
-0.4794255386,0.8775825619,0.0,0.0,0,0;                             1221P   1069
100,0.0,0.0,0.0,25.0,0.0,-8.320897409,23.57461911,0,0;              1223P   1070
102,6,1207,1209,1211,1215,1219,1223,0,0;                            1225P   1071
142,0,1193,0,1225,2,0,0;                                            1227P   1072
144,1193,1,1,1205,1227,0,0;                                         1229P   1073
110,0.0,44.0,-53.0,0.0,44.0,53.0,0,0;                               1231P   1074
110,0.0,44.0,53.0,0.0,-44.0,53.0,0,0;                               1233P   1075
110,0.0,-44.0,53.0,0.0,-44.0,-53.0,0,0;                             1235P   1076
110,0.0,-44.0,-53.0,0.0,44.0,-53.0,0,0;                             1237P   1077
102,4,1231,1233,1235,1237,0,0;                                      1239P   1078
142,0,581,0,1239,2,0,0;                                             1241P   1079
124,0.0,0.0,-1.0,0.0,0.16,0.9871170143,0.0,0.0,0.9871170143,        1243P   1080
-0.16,0.0,0.0,0,0;                                                  1243P   1081
100,0.0,0.0,0.0,25.0,0.0,-8.320897409,23.57461911,0,0;              1245P   1082
124,0.0,0.0,-1.0,0.0,0.8775825619,-0.4794255386,0.0,0.0,            1247P   1083
-0.4794255386,-0.8775825619,0.0,0.0,0,0;                            1247P   1084
100,0.0,0.0,0.0,25.0,0.0,-25.0,0.0,0,0;                             1249P   1085
124,0.0,0.0,-1.0,0.0,-0.8775825619,0.4794255386,0.0,0.0,            1251P   1086
0.4794255386,0.8775825619,0.0,0.0,0,0;                              1251P   1087
100,0.0,0.0,0.0,25.0,0.0,15.3415579,19.7392148,0,0;                 1253P   1088
110,0.0,-4.0,24.67792536,0.0,-4.0,29.0,0,0;                         1255P   1089
110,0.0,-4.0,29.0,0.0,4.0,29.0,0,0;                                 1257P   1090
110,0.0,4.0,29.0,0.0,4.0,24.67792536,0,0;                           1259P   1091
102,6,1245,1249,1253,1255,1257,1259,0,0;                            1261P   1092
142,0,581,0,1261,2,0,0;                                             1263P   1093
144,581,1,1,1241,1263,0,0;                                          1265P   1094
108,0.0,0.0,1.0,29.0,0,85.0,-4.0,29.0,1.0,0,0;                      1267P   1095
110,0.0,4.0,29.0,0.0,-4.0,29.0,0,0;                                 1269P   1096
110,0.0,-4.0,29.0,85.0,-4.0,29.0,0,0;                               1271P   1097
110,85.0,-4.0,29.0,85.0,4.0,29.0,0,0;                               1273P   1098
110,85.0,4.0,29.0,0.0,4.0,29.0,0,0;                                 1275P   1099
102,4,1269,1271,1273,1275,0,0;                                      1277P   1100
142,0,1267,0,1277,2,0,0;                                            1279P   1101
144,1267,1,0,1279,0,0;                                              1281P   1102
108,0.0,-1.0,0.0,4.0,0,85.0,-4.0,24.67792536,1.0,0,0;               1283P   1103
110,0.0,-4.0,29.0,0.0,-4.0,24.67792536,0,0;                         1285P   1104
110,0.0,-4.0,24.67792536,85.0,-4.0,24.67792536,0,0;                 1287P   1105
110,85.0,-4.0,24.67792536,85.0,-4.0,29.0,0,0;                       1289P   1106
110,85.0,-4.0,29.0,0.0,-4.0,29.0,0,0;                               1291P   1107
102,4,1285,1287,1289,1291,0,0;                                      1293P   1108
142,0,1283,0,1293,2,0,0;                                            1295P   1109
144,1283,1,0,1295,0,0;                                              1297P   1110
108,0.0,1.0,0.0,4.0,0,85.0,4.0,29.0,1.0,0,0;                        1299P   1111
110,0.0,4.0,24.67792536,0.0,4.0,29.0,0,0;                           1301P   1112
110,0.0,4.0,29.0,85.0,4.0,29.0,0,0;                                 1303P   1113
110,85.0,4.0,29.0,85.0,4.0,24.67792536,0,0;                         1305P   1114
110,85.0,4.0,24.67792536,0.0,4.0,24.67792536,0,0;                   1307P   1115
102,4,1301,1303,1305,1307,0,0;                                      1309P   1116
142,0,1299,0,1309,2,0,0;                                            1311P   1117
144,1299,1,0,1311,0,0;                                              1313P   1118
308,0,4HFork,28,689,717,733,757,773,801,825,849,873,897,915,931,    1315P   1119
965,979,1003,1017,1041,1063,1085,1119,1143,1167,1191,1229,1265,     1315P   1120
1281,1297,1313,0,0;                                                 1315P   1121
408,1315,0.0,0.0,0.0,1.0,0,0;                                       1317P   1122
124,-0.9623211101,0.2590554494,0.08263386171,-42.37841098,          1319P   1123
0.07979320435,-0.02148021507,0.9965799742,-51.23173029,             1319P   1124
0.2599444662,0.9656235677,0.0,-4.089567398,0,0;                     1319P   1125
108,0.0,0.0,1.0,180.0,0,0.0,0.0,180.0,1.0,0,0;                      1321P   1126
124,1.0,0.0,0.0,0.0,0.0,-1.0,0.0,0.0,0.0,0.0,-1.0,180.0,0,0;        1323P   1127
100,0.0,0.0,0.0,15.0,0.0,-15.0,0.0,0,0;                             1325P   1128
124,-1.0,0.0,0.0,0.0,0.0,1.0,0.0,0.0,0.0,0.0,-1.0,180.0,0,0;        1327P   1129
100,0.0,0.0,0.0,15.0,0.0,-15.0,0.0,0,0;                             1329P   1130
102,2,1325,1329,0,0;                                                1331P   1131
142,0,1321,0,1331,2,0,0;                                            1333P   1132
144,1321,1,0,1333,0,0;                                              1335P   1133
108,0.0,0.0,1.0,0.0,0,0.0,0.0,0.0,1.0,0,0;                          1337P   1134
124,1.0,0.0,0.0,0.0,0.0,-1.0,0.0,0.0,0.0,0.0,-1.0,0.0,0,0;          1339P   1135
100,0.0,0.0,0.0,25.0,0.0,-25.0,0.0,0,0;                             1341P   1136
124,-1.0,0.0,0.0,0.0,0.0,1.0,0.0,0.0,0.0,0.0,-1.0,0.0,0,0;          1343P   1137
100,0.0,0.0,0.0,25.0,0.0,-25.0,0.0,0,0;                             1345P   1138
102,2,1341,1345,0,0;                                                1347P   1139
142,0,1337,0,1347,2,0,0;                                            1349P   1140
124,-1.0,0.0,0.0,0.0,0.0,-1.0,0.0,0.0,0.0,0.0,1.0,0.0,0,0;          1351P   1141
100,0.0,0.0,0.0,15.0,0.0,-15.0,0.0,0,0;                             1353P   1142
124,1.0,0.0,0.0,0.0,0.0,1.0,0.0,0.0,0.0,0.0,1.0,0.0,0,0;            1355P   1143
100,0.0,0.0,0.0,15.0,0.0,-15.0,0.0,0,0;                             1357P   1144
102,2,1353,1357,0,0;                                                1359P   1145
142,0,1337,0,1359,2,0,0;                                            1361P   1146
144,1337,1,1,1349,1361,0,0;                                         1363P   1147
108,0.0,0.0,1.0,-12.0,0,0.0,0.0,-12.0,1.0,0,0;                      1365P   1148
124,1.0,0.0,0.0,0.0,0.0,1.0,0.0,0.0,0.0,0.0,1.0,-12.0,0,0;          1367P   1149
100,0.0,0.0,0.0,25.0,0.0,-25.0,0.0,0,0;                             1369P   1150
124,-1.0,0.0,0.0,0.0,0.0,-1.0,0.0,0.0,0.0,0.0,1.0,-12.0,0,0;        1371P   1151
100,0.0,0.0,0.0,25.0,0.0,-25.0,0.0,0,0;                             1373P   1152
102,2,1369,1373,0,0;                                                1375P   1153
142,0,1365,0,1375,2,0,0;                                            1377P   1154
144,1365,1,0,1377,0,0;                                              1379P   1155
110,0.0,0.0,-6.0,0.0,0.0,-5.0,0,0;                                  1381P   1156
110,-25.0,0.0,-12.0,-25.0,0.0,0.0,0,0;                              1383P   1157
120,1381,1383,0.0,6.283185307,0,0;                                  1385P   1158
110,-25.0,0.0,-12.0,-25.0,0.0,0.0,0,0;                              1387P   1159
124,-1.0,0.0,0.0,0.0,0.0,-1.0,0.0,0.0,0.0,0.0,1.0,0.0,0,0;          1389P   1160
100,0.0,0.0,0.0,25.0,0.0,-25.0,0.0,0,0;                             1391P   1161
110,25.0,0.0,0.0,25.0,0.0,-12.0,0,0;                                1393P   1162
124,1.0,0.0,0.0,0.0,0.0,-1.0,0.0,0.0,0.0,0.0,-1.0,-12.0,0,0;        1395P   1163
100,0.0,0.0,0.0,25.0,0.0,-25.0,0.0,0,0;                             1397P   1164
102,4,1387,1391,1393,1397,0,0;                                      1399P   1165
142,0,1385,0,1399,2,0,0;                                            1401P   1166
144,1385,1,0,1401,0,0;                                              1403P   1167
110,0.0,0.0,-6.0,0.0,0.0,-5.0,0,0;                                  1405P   1168
110,25.0,0.0,-12.0,25.0,0.0,0.0,0,0;                                1407P   1169
120,1405,1407,0.0,6.283185307,0,0;                                  1409P   1170
110,25.0,0.0,-12.0,25.0,0.0,0.0,0,0;                                1411P   1171
124,1.0,0.0,0.0,0.0,0.0,1.0,0.0,0.0,0.0,0.0,1.0,0.0,0,0;            1413P   1172
100,0.0,0.0,0.0,25.0,0.0,-25.0,0.0,0,0;                             1415P   1173
110,-25.0,0.0,0.0,-25.0,0.0,-12.0,0,0;                              1417P   1174
124,-1.0,0.0,0.0,0.0,0.0,1.0,0.0,0.0,0.0,0.0,-1.0,-12.0,0,0;        1419P   1175
100,0.0,0.0,0.0,25.0,0.0,-25.0,0.0,0,0;                             1421P   1176
102,4,1411,1415,1417,1421,0,0;                                      1423P   1177
142,0,1409,0,1423,2,0,0;                                            1425P   1178
144,1409,1,0,1425,0,0;                                              1427P   1179
110,0.0,0.0,90.0,0.0,0.0,91.0,0,0;                                  1429P   1180
110,-15.0,0.0,0.0,-15.0,0.0,180.0,0,0;                              1431P   1181
120,1429,1431,0.0,6.283185307,0,0;                                  1433P   1182
124,-1.0,0.0,0.0,0.0,0.0,-1.0,0.0,0.0,0.0,0.0,1.0,180.0,0,0;        1435P   1183
100,0.0,0.0,0.0,15.0,0.0,-15.0,0.0,0,0;                             1437P   1184
110,15.0,0.0,180.0,15.0,0.0,0.0,0,0;                                1439P   1185
124,1.0,0.0,0.0,0.0,0.0,-1.0,0.0,0.0,0.0,0.0,-1.0,0.0,0,0;          1441P   1186
100,0.0,0.0,0.0,15.0,0.0,-15.0,0.0,0,0;                             1443P   1187
110,-15.0,0.0,0.0,-15.0,0.0,180.0,0,0;                              1445P   1188
102,4,1437,1439,1443,1445,0,0;                                      1447P   1189
142,0,1433,0,1447,2,0,0;                                            1449P   1190
126,5,5,0,0,1,0,5.5635679,5.5635679,5.5635679,5.5635679,            1451P   1191
5.5635679,5.5635679,11.12623747,11.12623747,11.12623747,            1451P   1192
11.12623747,11.12623747,11.12623747,1.0,1.0,1.0,1.0,1.0,1.0,        1451P   1193
0.0002416789257,-15.0,165.5000032,0.7868349715,-14.99998732,        1451P   1194
165.5000718,1.574102974,-14.94894306,165.8105221,2.189642249,       1451P   1195
-14.84237375,166.426002,2.5,-14.79019946,167.2133197,2.5,           1451P   1196
-14.79019946,168.0,5.5635679,11.12623747,0.0,0.0,0.0,0,0;           1451P   1197
126,5,5,0,0,1,0,0.0,0.0,0.0,0.0,0.0,0.0,5.563567901,5.563567901,    1453P   1198
5.563567901,5.563567901,5.563567901,5.563567901,1.0,1.0,1.0,1.0,    1453P   1199
1.0,1.0,2.5,-14.79019946,168.0,2.5,-14.79019946,168.7868073,        1453P   1200
2.189862877,-14.84235341,169.5737347,1.573587977,-14.94900721,      1453P   1201
170.1900325,0.7864786426,-15.00001267,170.5000654,                  1453P   1202
-0.0002416789389,-15.0,170.4999968,0.0,5.563567901,0.0,0.0,0.0,     1453P   1203
0,0;                                                                1453P   1204
126,5,5,0,0,1,0,5.563567901,5.563567901,5.563567901,5.563567901,    1455P   1205
5.563567901,5.563567901,11.12623747,11.12623747,11.12623747,        1455P   1206
11.12623747,11.12623747,11.12623747,1.0,1.0,1.0,1.0,1.0,1.0,        1455P   1207
-0.0002416789389,-15.0,170.4999968,-0.7868349717,-14.99998732,      1455P   1208
170.4999282,-1.574102974,-14.94894306,170.1894779,-2.189642249,     1455P   1209
-14.84237375,169.573998,-2.5,-14.79019946,168.7866803,-2.5,         1455P   1210
-14.79019946,168.0,5.563567901,11.12623747,0.0,0.0,0.0,0,0;         1455P   1211
126,5,5,0,0,1,0,0.0,0.0,0.0,0.0,0.0,0.0,5.5635679,5.5635679,        1457P   1212
5.5635679,5.5635679,5.5635679,5.5635679,1.0,1.0,1.0,1.0,1.0,1.0,    1457P   1213
-2.5,-14.79019946,168.0,-2.5,-14.79019946,167.2131927,              1457P   1214
-2.189862878,-14.84235341,166.4262653,-1.573587977,-14.94900721,    1457P   1215
165.8099675,-0.7864786425,-15.00001267,165.4999346,                 1457P   1216
0.0002416789257,-15.0,165.5000032,0.0,5.5635679,0.0,0.0,0.0,0,0;    1457P   1217
102,4,1451,1453,1455,1457,0,0;                                      1459P   1218
142,0,1433,0,1459,2,0,0;                                            1461P   1219
144,1433,1,1,1449,1461,0,0;                                         1463P   1220
110,0.0,-7.5,168.0,0.0,-6.5,168.0,0,0;                              1465P   1221
110,-2.5,-15.00829455,168.0,-2.5,0.0,168.0,0,0;                     1467P   1222
120,1465,1467,0.0,6.283185307,0,0;                                  1469P   1223
110,2.5,-14.79019946,168.0,2.5,0.0,168.0,0,0;                       1471P   1224
124,1.0,0.0,0.0,0.0,0.0,0.0,-1.0,0.0,0.0,1.0,0.0,168.0,0,0;         1473P   1225
100,0.0,0.0,0.0,2.5,0.0,-2.5,0.0,0,0;                               1475P   1226
110,-2.5,0.0,168.0,-2.5,-14.79019946,168.0,0,0;                     1477P   1227
126,5,5,0,0,1,0,0.0,0.0,0.0,0.0,0.0,0.0,5.562669572,5.562669572,    1479P   1228
5.562669572,5.562669572,5.562669572,5.562669572,1.0,1.0,1.0,1.0,    1479P   1229
1.0,1.0,-2.5,-14.79019946,168.0,-2.5,-14.79019946,168.7866803,      1479P   1230
-2.189645576,-14.84238966,169.5740084,-1.574107258,-14.94892293,    1479P   1231
170.1894784,-0.7868361925,-14.99999444,170.4999242,                 1479P   1232
-0.0002409076638,-14.99999444,170.5,0.0,5.562669572,0.0,0.0,0.0,    1479P   1233
0,0;                                                                1479P   1234
126,5,5,0,0,1,0,0.0,0.0,0.0,0.0,0.0,0.0,5.563567901,5.563567901,    1481P   1235
5.563567901,5.563567901,5.563567901,5.563567901,1.0,1.0,1.0,1.0,    1481P   1236
1.0,1.0,-0.0002409076638,-14.99999444,170.5,0.7864814062,           1481P   1237
-14.99999444,170.5000758,1.573584909,-14.94903022,170.1900193,      1481P   1238
2.189868304,-14.84234338,169.5737468,2.5,-14.79019946,              1481P   1239
168.7868073,2.5,-14.79019946,168.0,0.0,5.563567901,0.0,0.0,0.0,     1481P   1240
0,0;                                                                1481P   1241
102,5,1471,1475,1477,1479,1481,0,0;                                 1483P   1242
142,0,1469,0,1483,2,0,0;                                            1485P   1243
144,1469,1,0,1485,0,0;                                              1487P   1244
110,0.0,-7.5,168.0,0.0,-6.5,168.0,0,0;                              1489P   1245
110,2.5,-15.00829455,168.0,2.5,0.0,168.0,0,0;                       1491P   1246
120,1489,1491,0.0,6.283185307,0,0;                                  1493P   1247
110,-2.5,-14.79019946,168.0,-2.5,0.0,168.0,0,0;                     1495P   1248
124,-1.0,0.0,0.0,0.0,0.0,0.0,-1.0,0.0,0.0,-1.0,0.0,168.0,0,0;       1497P   1249
100,0.0,0.0,0.0,2.5,0.0,-2.5,0.0,0,0;                               1499P   1250
110,2.5,0.0,168.0,2.5,-14.79019946,168.0,0,0;                       1501P   1251
126,5,5,0,0,1,0,0.0,0.0,0.0,0.0,0.0,0.0,5.562669572,5.562669572,    1503P   1252
5.562669572,5.562669572,5.562669572,5.562669572,1.0,1.0,1.0,1.0,    1503P   1253
1.0,1.0,2.5,-14.79019946,168.0,2.5,-14.79019946,167.2133197,        1503P   1254
2.189645576,-14.84238966,166.4259916,1.574107258,-14.94892293,      1503P   1255
165.8105216,0.7868361923,-14.99999444,165.5000758,                  1503P   1256
0.0002409076506,-14.99999444,165.5,0.0,5.562669572,0.0,0.0,0.0,     1503P   1257
0,0;                                                                1503P   1258
126,5,5,0,0,1,0,0.0,0.0,0.0,0.0,0.0,0.0,5.5635679,5.5635679,        1505P   1259
5.5635679,5.5635679,5.5635679,5.5635679,1.0,1.0,1.0,1.0,1.0,1.0,    1505P   1260
0.0002409076506,-14.99999444,165.5,-0.7864814061,-14.99999444,      1505P   1261
165.4999242,-1.573584908,-14.94903022,165.8099807,-2.189868304,     1505P   1262
-14.84234338,166.4262532,-2.5,-14.79019946,167.2131927,-2.5,        1505P   1263
-14.79019946,168.0,0.0,5.5635679,0.0,0.0,0.0,0,0;                   1505P   1264
102,5,1495,1499,1501,1503,1505,0,0;                                 1507P   1265
142,0,1493,0,1507,2,0,0;                                            1509P   1266
144,1493,1,0,1509,0,0;                                              1511P   1267
110,0.0,0.0,90.0,0.0,0.0,91.0,0,0;                                  1513P   1268
110,15.0,0.0,0.0,15.0,0.0,180.0,0,0;                                1515P   1269
120,1513,1515,0.0,6.283185307,0,0;                                  1517P   1270
124,1.0,0.0,0.0,0.0,0.0,1.0,0.0,0.0,0.0,0.0,1.0,180.0,0,0;          1519P   1271
100,0.0,0.0,0.0,15.0,0.0,-15.0,0.0,0,0;                             1521P   1272
110,-15.0,0.0,180.0,-15.0,0.0,0.0,0,0;                              1523P   1273
124,-1.0,0.0,0.0,0.0,0.0,1.0,0.0,0.0,0.0,0.0,-1.0,0.0,0,0;          1525P   1274
100,0.0,0.0,0.0,15.0,0.0,-15.0,0.0,0,0;                             1527P   1275
110,15.0,0.0,0.0,15.0,0.0,180.0,0,0;                                1529P   1276
102,4,1521,1523,1527,1529,0,0;                                      1531P   1277
142,0,1517,0,1531,2,0,0;                                            1533P   1278
126,5,5,0,0,1,0,6.6810782,6.6810782,6.6810782,6.6810782,            1535P   1279
6.6810782,6.6810782,13.36215787,13.36215787,13.36215787,            1535P   1280
13.36215787,13.36215787,13.36215787,1.0,1.0,1.0,1.0,1.0,1.0,        1535P   1281
1.632340436E-007,15.0,165.0,-0.9448471842,15.00000001,              1535P   1282
164.9999999,-1.889760758,14.92641478,165.3736687,-2.626331527,      1535P   1283
14.77289479,166.1103229,-3.0,14.69693846,167.0551527,-3.0,          1535P   1284
14.69693846,168.0,6.6810782,13.36215787,0.0,0.0,0.0,0,0;            1535P   1285
126,5,5,0,0,1,0,0.0,0.0,0.0,0.0,0.0,0.0,6.681078431,6.681078431,    1537P   1286
6.681078431,6.681078431,6.681078431,6.681078431,1.0,1.0,1.0,1.0,    1537P   1287
1.0,1.0,-3.0,14.69693846,168.0,-3.0,14.69693846,168.9448472,        1537P   1288
-2.626330264,14.77289499,169.8896798,-1.889761274,14.92641471,      1537P   1289
170.6263299,-0.9448471728,15.0,171.0,0.0,15.0,171.0,0.0,            1537P   1290
6.681078431,0.0,0.0,0.0,0,0;                                        1537P   1291
126,5,5,0,0,1,0,6.681078431,6.681078431,6.681078431,6.681078431,    1539P   1292
6.681078431,6.681078431,13.36215786,13.36215786,13.36215786,        1539P   1293
13.36215786,13.36215786,13.36215786,1.0,1.0,1.0,1.0,1.0,1.0,0.0,    1539P   1294
15.0,171.0,0.9448473146,15.0,171.0,1.889760835,14.92641477,         1539P   1295
170.6263312,2.626331553,14.77289478,169.889677,3.0,14.69693846,     1539P   1296
168.9448473,3.0,14.69693846,168.0,6.681078431,13.36215786,0.0,      1539P   1297
0.0,0.0,0,0;                                                        1539P   1298
126,5,5,0,0,1,0,0.0,0.0,0.0,0.0,0.0,0.0,6.6810782,6.6810782,        1541P   1299
6.6810782,6.6810782,6.6810782,6.6810782,1.0,1.0,1.0,1.0,1.0,1.0,    1541P   1300
3.0,14.69693846,168.0,3.0,14.69693846,167.0551529,2.62633029,       1541P   1301
14.77289498,166.1103203,1.889761351,14.92641469,165.3736702,        1541P   1302
0.9448473034,14.99999999,165.0000001,1.632340436E-007,15.0,         1541P   1303
165.0,0.0,6.6810782,0.0,0.0,0.0,0,0;                                1541P   1304
102,4,1535,1537,1539,1541,0,0;                                      1543P   1305
142,0,1517,0,1543,2,0,0;                                            1545P   1306
144,1517,1,1,1533,1545,0,0;                                         1547P   1307
108,0.0,1.0,0.0,0.0,0,0.0,0.0,0.0,1.0,0,0;                          1549P   1308
124,-1.0,0.0,0.0,0.0,0.0,0.0,-1.0,0.0,0.0,-1.0,0.0,168.0,0,0;       1551P   1309
100,0.0,0.0,0.0,3.0,0.0,-3.0,0.0,0,0;                               1553P   1310
124,1.0,0.0,0.0,0.0,0.0,0.0,-1.0,0.0,0.0,1.0,0.0,168.0,0,0;         1555P   1311
100,0.0,0.0,0.0,3.0,0.0,-3.0,0.0,0,0;                               1557P   1312
102,2,1553,1557,0,0;                                                1559P   1313
142,0,1549,0,1559,2,0,0;                                            1561P   1314
124,1.0,0.0,0.0,0.0,0.0,0.0,1.0,0.0,0.0,-1.0,0.0,168.0,0,0;         1563P   1315
100,0.0,0.0,0.0,2.5,0.0,-2.5,0.0,0,0;                               1565P   1316
124,-1.0,0.0,0.0,0.0,0.0,0.0,1.0,0.0,0.0,1.0,0.0,168.0,0,0;         1567P   1317
100,0.0,0.0,0.0,2.5,0.0,-2.5,0.0,0,0;                               1569P   1318
102,2,1565,1569,0,0;                                                1571P   1319
142,0,1549,0,1571,2,0,0;                                            1573P   1320
144,1549,1,1,1561,1573,0,0;                                         1575P   1321
110,0.0,7.5,168.0,0.0,8.5,168.0,0,0;                                1577P   1322
110,-3.0,0.0,168.0,-3.0,15.02091063,168.0,0,0;                      1579P   1323
120,1577,1579,0.0,6.283185307,0,0;                                  1581P   1324
126,5,5,0,0,1,0,0.0,0.0,0.0,0.0,0.0,0.0,6.681079434,6.681079434,    1583P   1325
6.681079434,6.681079434,6.681079434,6.681079434,1.0,1.0,1.0,1.0,    1583P   1326
1.0,1.0,3.0,14.69693846,168.0,3.0,14.69693846,168.9448473,          1583P   1327
2.626329835,14.77290125,169.8896795,1.889766281,14.92640533,        1583P   1328
170.6263347,0.9448473146,15.0,171.0,0.0,15.0,171.0,0.0,             1583P   1329
6.681079434,0.0,0.0,0.0,0,0;                                        1583P   1330
126,5,5,0,0,1,0,0.0,0.0,0.0,0.0,0.0,0.0,6.681078431,6.681078431,    1585P   1331
6.681078431,6.681078431,6.681078431,6.681078431,1.0,1.0,1.0,1.0,    1585P   1332
1.0,1.0,0.0,15.0,171.0,-0.9448471728,15.0,171.0,-1.889765445,       1585P   1333
14.92640516,170.6263336,-2.626328774,14.77290135,169.8896831,       1585P   1334
-3.0,14.69693846,168.9448472,-3.0,14.69693846,168.0,0.0,            1585P   1335
6.681078431,0.0,0.0,0.0,0,0;                                        1585P   1336
110,-3.0,14.69693846,168.0,-3.0,0.0,168.0,0,0;                      1587P   1337
124,-1.0,0.0,0.0,0.0,0.0,0.0,1.0,0.0,0.0,1.0,0.0,168.0,0,0;         1589P   1338
100,0.0,0.0,0.0,3.0,0.0,-3.0,0.0,0,0;                               1591P   1339
110,3.0,0.0,168.0,3.0,14.69693846,168.0,0,0;                        1593P   1340
102,5,1583,1585,1587,1591,1593,0,0;                                 1595P   1341
142,0,1581,0,1595,2,0,0;                                            1597P   1342
144,1581,1,0,1597,0,0;                                              1599P   1343
110,0.0,7.5,168.0,0.0,8.5,168.0,0,0;                                1601P   1344
110,3.0,0.0,168.0,3.0,15.02091063,168.0,0,0;                        1603P   1345
120,1601,1603,0.0,6.283185307,0,0;                                  1605P   1346
126,5,5,0,0,1,0,0.0,0.0,0.0,0.0,0.0,0.0,6.681079666,6.681079666,    1607P   1347
6.681079666,6.681079666,6.681079666,6.681079666,1.0,1.0,1.0,1.0,    1607P   1348
1.0,1.0,-3.0,14.69693846,168.0,-3.0,14.69693846,167.0551527,        1607P   1349
-2.626329809,14.77290125,166.1103204,-1.889766205,14.92640534,      1607P   1350
165.3736652,-0.9448471842,15.00000001,164.9999999,                  1607P   1351
1.632340405E-007,15.0,165.0,0.0,6.681079666,0.0,0.0,0.0,0,0;        1607P   1352
126,5,5,0,0,1,0,0.0,0.0,0.0,0.0,0.0,0.0,6.6810782,6.6810782,        1609P   1353
6.6810782,6.6810782,6.6810782,6.6810782,1.0,1.0,1.0,1.0,1.0,1.0,    1609P   1354
1.632340396E-007,15.0,165.0,0.9448473034,14.99999999,               1609P   1355
165.0000001,1.889765522,14.92640515,165.3736665,2.6263288,          1609P   1356
14.77290134,166.110317,3.0,14.69693846,167.0551529,3.0,             1609P   1357
14.69693846,168.0,0.0,6.6810782,0.0,0.0,0.0,0,0;                    1609P   1358
110,3.0,14.69693846,168.0,3.0,0.0,168.0,0,0;                        1611P   1359
124,1.0,0.0,0.0,0.0,0.0,0.0,1.0,0.0,0.0,-1.0,0.0,168.0,0,0;         1613P   1360
100,0.0,0.0,0.0,3.0,0.0,-3.0,0.0,0,0;                               1615P   1361
110,-3.0,0.0,168.0,-3.0,14.69693846,168.0,0,0;                      1617P   1362
102,5,1607,1609,1611,1615,1617,0,0;                                 1619P   1363
142,0,1605,0,1619,2,0,0;                                            1621P   1364
144,1605,1,0,1621,0,0;                                              1623P   1365
308,0,3HPin,12,1335,1363,1379,1403,1427,1463,1487,1511,1547,        1625P   1366
1575,1599,1623,0,0;                                                 1625P   1367
408,1625,0.0,0.0,0.0,1.0,0,0;                                       1627P   1368
124,0.0,-1.0,0.0,32.18497084,1.0,0.0,0.0,26.35116087,0.0,0.0,       1629P   1369
1.0,82.9104326,0,0;                                                 1629P   1370
110,0.0,0.0,0.0,0.0,1.0,0.0,0,0;                                    1631P   1371
110,1.198563847,0.0,2.193956405,1.438276616,60.0,2.632747686,0,     1633P   1372
0;                                                                  1633P   1373
120,1631,1633,0.0,3.141592654,0,0;                                  1635P   1374
110,-1.438276616,60.0,-2.632747686,-1.198563847,0.0,                1637P   1375
-2.193956405,0,0;                                                   1637P   1376
124,-0.4794255386,0.8775825619,0.0,0.0,0.0,0.0,-1.0,0.0,            1639P   1377
-0.8775825619,-0.4794255386,0.0,0.0,0,0;                            1639P   1378
100,0.0,0.0,0.0,2.5,0.0,-2.5,0.0,0,0;                               1641P   1379
110,1.198563847,0.0,2.193956405,1.438276616,60.0,2.632747686,0,     1643P   1380
0;                                                                  1643P   1381
124,0.4794255386,0.8775825619,0.0,0.0,0.0,0.0,1.0,60.0,             1645P   1382
0.8775825619,-0.4794255386,0.0,0.0,0,0;                             1645P   1383
100,0.0,0.0,0.0,3.0,0.0,-3.0,0.0,0,0;                               1647P   1384
102,4,1637,1641,1643,1647,0,0;                                      1649P   1385
142,0,1635,0,1649,2,0,0;                                            1651P   1386
144,1635,1,0,1651,0,0;                                              1653P   1387
110,0.0,0.0,0.0,0.0,1.0,0.0,0,0;                                    1655P   1388
110,-1.198563847,0.0,-2.193956405,-1.438276616,60.0,                1657P   1389
-2.632747686,0,0;                                                   1657P   1390
120,1655,1657,0.0,3.141592654,0,0;                                  1659P   1391
110,1.438276616,60.0,2.632747686,1.198563847,0.0,2.193956405,0,     1661P   1392
0;                                                                  1661P   1393
124,0.4794255386,-0.8775825619,0.0,0.0,0.0,0.0,-1.0,0.0,            1663P   1394
0.8775825619,0.4794255386,0.0,0.0,0,0;                              1663P   1395
100,0.0,0.0,0.0,2.5,0.0,-2.5,0.0,0,0;                               1665P   1396
110,-1.198563847,0.0,-2.193956405,-1.438276616,60.0,                1667P   1397
-2.632747686,0,0;                                                   1667P   1398
124,-0.4794255386,-0.8775825619,0.0,0.0,0.0,0.0,1.0,60.0,           1669P   1399
-0.8775825619,0.4794255386,0.0,0.0,0,0;                             1669P   1400
100,0.0,0.0,0.0,3.0,0.0,-3.0,0.0,0,0;                               1671P   1401
102,4,1661,1665,1667,1671,0,0;                                      1673P   1402
142,0,1659,0,1673,2,0,0;                                            1675P   1403
144,1659,1,0,1675,0,0;                                              1677P   1404
108,0.0,1.0,0.0,60.0,0,0.0,60.0,0.0,1.0,0,0;                        1679P   1405
124,0.4794255386,-0.8775825619,0.0,0.0,0.0,0.0,-1.0,60.0,           1681P   1406
0.8775825619,0.4794255386,0.0,0.0,0,0;                              1681P   1407
100,0.0,0.0,0.0,3.0,0.0,-3.0,0.0,0,0;                               1683P   1408
124,-0.4794255386,0.8775825619,0.0,0.0,0.0,0.0,-1.0,60.0,           1685P   1409
-0.8775825619,-0.4794255386,0.0,0.0,0,0;                            1685P   1410
100,0.0,0.0,0.0,3.0,0.0,-3.0,0.0,0,0;                               1687P   1411
102,2,1683,1687,0,0;                                                1689P   1412
142,0,1679,0,1689,2,0,0;                                            1691P   1413
144,1679,1,0,1691,0,0;                                              1693P   1414
124,-0.4794255386,-0.8775825619,0.0,0.0,0.0,0.0,1.0,0.0,            1695P   1415
-0.8775825619,0.4794255386,0.0,0.0,0,0;                             1695P   1416
100,0.0,0.0,0.0,2.5,0.0,-2.5,0.0,0,0;                               1697P   1417
124,0.4794255386,0.8775825619,0.0,0.0,0.0,0.0,1.0,0.0,              1699P   1418
0.8775825619,-0.4794255386,0.0,0.0,0,0;                             1699P   1419
100,0.0,0.0,0.0,2.5,0.0,-2.5,0.0,0,0;                               1701P   1420
102,2,1697,1701,0,0;                                                1703P   1421
142,0,1549,0,1703,2,0,0;                                            1705P   1422
144,1549,1,0,1705,0,0;                                              1707P   1423
406,1,9HTaper Pin,0,0;                                              1709P   1424
308,0,,4,1653,1677,1693,1707,0,1,1709;                              1711P   1425
406,1,11HTaper Pin.1,0,0;                                           1713P   1426
408,1711,0.0,0.0,0.0,1.0,0,1,1713;                                  1715P   1427
124,1.0,0.0,0.0,47.18497084,0.0,1.0,0.0,26.35116087,0.0,0.0,1.0,    1717P   1428
-4.089567398,0,0;                                                   1717P   1429
408,1315,0.0,0.0,0.0,1.0,0,0;                                       1719P   1430
124,0.9588477994,0.2590554494,0.1161945424,-36.00853024,            1721P   1431
0.1259909814,-0.02148021507,-0.9917988067,116.8166316,              1721P   1432
-0.2544350019,0.9656235677,-0.05323490727,-32.09265086,0,0;         1721P   1433
406,1,11HTaper Pin.2,0,0;                                           1723P   1434
408,1711,0.0,0.0,0.0,1.0,0,1,1723;                                  1725P   1435
124,0.0,1.0,0.0,2.18497084,-1.0,0.0,0.0,26.35116087,0.0,0.0,1.0,    1727P   1436
-85.0895674,0,0;                                                    1727P   1437
408,1625,0.0,0.0,0.0,1.0,0,0;                                       1729P   1438
124,-0.08263386171,-0.9623211101,-0.2590554494,-28.00011904,        1731P   1439
-0.9965799742,0.07979320435,0.02148021507,122.1731852,0.0,          1731P   1440
0.2599444662,-0.9656235677,-4.089567398,0,0;                        1731P   1441
408,661,0.0,0.0,0.0,1.0,0,0;                                        1733P   1442
S      1G      4D   1734P   1442                                        T      1
