ISO-10303-21;
HEADER;
FILE_DESCRIPTION(('CATIA V5 STEP Exchange'),'2;1');

FILE_NAME('C:\\Users\\ASUS\\OneDrive\\Documents\\M.D. Drawings\\1Stop\\Universal Coupling\\Universal Coupling.stp','2024-03-23T06:02:28+00:00',('none'),('none'),'CATIA Version 5 Release 21 GA (IN-10)','CATIA V5 STEP AP203','none');

FILE_SCHEMA(('CONFIG_CONTROL_DESIGN'));

ENDSEC;
/* file written by CATIA V5R21 */
DATA;
#5=PRODUCT('Product1','','',(#2)) ;
#56=PRODUCT('Centre Block','','',(#2)) ;
#581=PRODUCT('Collar','','',(#2)) ;
#940=PRODUCT('Fork','','',(#2)) ;
#1731=PRODUCT('Pin','','',(#2)) ;
#2102=PRODUCT('Taper Pin','','',(#2)) ;
#1=APPLICATION_CONTEXT('configuration controlled 3D design of mechanical parts and assemblies') ;
#17=PRODUCT_DEFINITION('',' ',#6,#3) ;
#19=SECURITY_CLASSIFICATION(' ',' ',#18) ;
#18=SECURITY_CLASSIFICATION_LEVEL('unclassified') ;
#63=CARTESIAN_POINT('Axis2P3D Location',(0.,38.,0.)) ;
#69=CARTESIAN_POINT('Control Point',(15.9687194227,15.,-1.68753899743E-014)) ;
#70=CARTESIAN_POINT('Control Point',(15.9687194227,15.,-1.10897503337)) ;
#71=CARTESIAN_POINT('Control Point',(15.8211079757,14.8975145313,-2.21794932405)) ;
#72=CARTESIAN_POINT('Control Point',(15.5256419787,14.6919516585,-3.28749651834)) ;
#73=CARTESIAN_POINT('Control Point',(14.7730103094,14.1968137081,-5.02241282996)) ;
#74=CARTESIAN_POINT('Control Point',(13.6636759137,13.550333822,-6.48540565167)) ;
#75=CARTESIAN_POINT('Control Point',(13.1321919933,13.2582013572,-7.05495059881)) ;
#76=CARTESIAN_POINT('Control Point',(11.1190319629,12.2292563679,-8.83954482179)) ;
#77=CARTESIAN_POINT('Control Point',(8.61188012433,11.2477627793,-9.98946107657)) ;
#78=CARTESIAN_POINT('Control Point',(6.69297268968,10.6992083775,-10.5338412124)) ;
#79=CARTESIAN_POINT('Control Point',(2.38535885876,9.88456019968,-11.2964422402)) ;
#80=CARTESIAN_POINT('Control Point',(-2.07575786836,9.92294973546,-11.2416545013)) ;
#81=CARTESIAN_POINT('Control Point',(-4.44733471054,10.1997655061,-11.0115640745)) ;
#82=CARTESIAN_POINT('Control Point',(-8.35936936056,11.1092051602,-10.1981385009)) ;
#83=CARTESIAN_POINT('Control Point',(-11.7124273151,12.5036379522,-8.37383724309)) ;
#84=CARTESIAN_POINT('Control Point',(-12.9584566224,13.1313988827,-7.41929248693)) ;
#85=CARTESIAN_POINT('Control Point',(-14.6302995633,14.0997414621,-5.47498515764)) ;
#86=CARTESIAN_POINT('Control Point',(-15.5934808402,14.7391843885,-3.03131587197)) ;
#87=CARTESIAN_POINT('Control Point',(-15.8436819877,14.9131874906,-2.04132258168)) ;
#88=CARTESIAN_POINT('Control Point',(-15.9687194227,15.,-1.02066160539)) ;
#89=CARTESIAN_POINT('Control Point',(-15.9687194227,15.,-1.56348783049E-014)) ;
#90=CARTESIAN_POINT('Vertex',(15.9687194227,15.,0.)) ;
#92=CARTESIAN_POINT('Vertex',(-15.9687194227,15.,0.)) ;
#96=CARTESIAN_POINT('Control Point',(15.9687194227,15.,4.4408920985E-016)) ;
#97=CARTESIAN_POINT('Control Point',(15.9687194227,15.,1.10897503333)) ;
#98=CARTESIAN_POINT('Control Point',(15.8211079757,14.8975145313,2.21794932399)) ;
#99=CARTESIAN_POINT('Control Point',(15.5256419788,14.6919516585,3.28749651835)) ;
#100=CARTESIAN_POINT('Control Point',(14.7730103094,14.1968137082,5.0224128298)) ;
#101=CARTESIAN_POINT('Control Point',(13.6636759139,13.5503338221,6.48540565144)) ;
#102=CARTESIAN_POINT('Control Point',(13.1321919932,13.2582013572,7.05495059892)) ;
#103=CARTESIAN_POINT('Control Point',(11.1190319628,12.2292563679,8.83954482184)) ;
#104=CARTESIAN_POINT('Control Point',(8.61188012429,11.2477627793,9.98946107663)) ;
#105=CARTESIAN_POINT('Control Point',(6.69297268993,10.6992083776,10.5338412123)) ;
#106=CARTESIAN_POINT('Control Point',(2.38535885885,9.88456019967,11.2964422402)) ;
#107=CARTESIAN_POINT('Control Point',(-2.07575786845,9.92294973545,11.2416545013)) ;
#108=CARTESIAN_POINT('Control Point',(-4.44733471018,10.199765506,11.0115640744)) ;
#109=CARTESIAN_POINT('Control Point',(-8.35936936039,11.1092051601,10.1981385011)) ;
#110=CARTESIAN_POINT('Control Point',(-11.7124273149,12.5036379522,8.37383724312)) ;
#111=CARTESIAN_POINT('Control Point',(-12.9584566225,13.1313988827,7.41929248695)) ;
#112=CARTESIAN_POINT('Control Point',(-14.6302995632,14.0997414621,5.47498515767)) ;
#113=CARTESIAN_POINT('Control Point',(-15.5934808401,14.7391843885,3.03131587211)) ;
#114=CARTESIAN_POINT('Control Point',(-15.8436819877,14.9131874906,2.04132258162)) ;
#115=CARTESIAN_POINT('Control Point',(-15.9687194227,15.,1.02066160537)) ;
#116=CARTESIAN_POINT('Control Point',(-15.9687194227,15.,8.881784197E-016)) ;
#123=CARTESIAN_POINT('Axis2P3D Location',(-53.,0.,0.)) ;
#128=CARTESIAN_POINT('Axis2P3D Location',(-53.,0.,0.)) ;
#132=CARTESIAN_POINT('Vertex',(-53.,-28.,3.4288977907E-015)) ;
#134=CARTESIAN_POINT('Vertex',(-53.,28.,0.)) ;
#137=CARTESIAN_POINT('Axis2P3D Location',(-53.,0.,0.)) ;
#146=CARTESIAN_POINT('Axis2P3D Location',(-53.,0.,0.)) ;
#150=CARTESIAN_POINT('Vertex',(-53.,15.,0.)) ;
#152=CARTESIAN_POINT('Vertex',(-53.,-15.,8.49824767848E-015)) ;
#155=CARTESIAN_POINT('Axis2P3D Location',(-53.,0.,0.)) ;
#165=CARTESIAN_POINT('Axis2P3D Location',(0.,0.,0.)) ;
#170=CARTESIAN_POINT('Line Origine',(0.,28.,0.)) ;
#174=CARTESIAN_POINT('Vertex',(-26.1533936612,28.,0.)) ;
#177=CARTESIAN_POINT('Line Origine',(0.,-28.,3.4288977907E-015)) ;
#181=CARTESIAN_POINT('Vertex',(53.,-28.,3.4288977907E-015)) ;
#184=CARTESIAN_POINT('Axis2P3D Location',(53.,0.,0.)) ;
#188=CARTESIAN_POINT('Vertex',(53.,28.,0.)) ;
#191=CARTESIAN_POINT('Line Origine',(0.,28.,0.)) ;
#195=CARTESIAN_POINT('Vertex',(26.1533936612,28.,0.)) ;
#199=CARTESIAN_POINT('Control Point',(-26.1533936612,28.,0.)) ;
#200=CARTESIAN_POINT('Control Point',(-26.1533936612,28.,2.84940187709)) ;
#201=CARTESIAN_POINT('Control Point',(-26.0148038373,27.6375405778,5.69880368725)) ;
#202=CARTESIAN_POINT('Control Point',(-25.7396774032,26.9140342276,8.47920485707)) ;
#203=CARTESIAN_POINT('Control Point',(-24.8295176356,24.8432298951,13.5921140754)) ;
#204=CARTESIAN_POINT('Control Point',(-22.9340919617,21.7831960641,17.8605312923)) ;
#205=CARTESIAN_POINT('Control Point',(-21.7271482052,20.1322840806,19.6633489661)) ;
#206=CARTESIAN_POINT('Control Point',(-18.7077534852,16.8313251426,22.5887314253)) ;
#207=CARTESIAN_POINT('Control Point',(-14.6061077157,13.9130368144,24.3760502811)) ;
#208=CARTESIAN_POINT('Control Point',(-12.3598232951,12.6782707496,25.0033466853)) ;
#209=CARTESIAN_POINT('Control Point',(-8.3485505739,11.0492734441,25.7461261539)) ;
#210=CARTESIAN_POINT('Control Point',(-4.06836013012,10.2138551065,26.0727623548)) ;
#211=CARTESIAN_POINT('Control Point',(-2.320061792,10.0134023688,26.1479646626)) ;
#212=CARTESIAN_POINT('Control Point',(1.04919809083,9.89347845868,26.1945334403)) ;
#213=CARTESIAN_POINT('Control Point',(4.39391041972,10.2768108626,26.0470047319)) ;
#214=CARTESIAN_POINT('Control Point',(5.97571979946,10.5745521204,25.9306268475)) ;
#215=CARTESIAN_POINT('Control Point',(10.0797293671,11.6572787984,25.4840970876)) ;
#216=CARTESIAN_POINT('Control Point',(13.8684963026,13.4684897148,24.6009445094)) ;
#217=CARTESIAN_POINT('Control Point',(16.0443116272,14.8473313835,23.839114268)) ;
#218=CARTESIAN_POINT('Control Point',(19.5677095493,17.6992554231,21.9123546133)) ;
#219=CARTESIAN_POINT('Control Point',(22.1266179547,20.707536207,18.9980531283)) ;
#220=CARTESIAN_POINT('Control Point',(23.0772515343,22.0390469764,17.4585776041)) ;
#221=CARTESIAN_POINT('Control Point',(24.8340187686,24.8615611039,13.4718464184)) ;
#222=CARTESIAN_POINT('Control Point',(25.7149787911,26.8484641611,8.72785645294)) ;
#223=CARTESIAN_POINT('Control Point',(26.0064187888,27.6156108303,5.86866839844)) ;
#224=CARTESIAN_POINT('Control Point',(26.1533936612,28.,2.93433423471)) ;
#225=CARTESIAN_POINT('Control Point',(26.1533936612,28.,-1.7763568394E-015)) ;
#236=CARTESIAN_POINT('Axis2P3D Location',(53.,0.,0.)) ;
#242=CARTESIAN_POINT('Control Point',(-26.1533936612,28.,1.86517468137E-014)) ;
#243=CARTESIAN_POINT('Control Point',(-26.1533936612,28.,-2.84940187715)) ;
#244=CARTESIAN_POINT('Control Point',(-26.0148038373,27.6375405778,-5.69880368736)) ;
#245=CARTESIAN_POINT('Control Point',(-25.7396774034,26.9140342279,-8.47920485618)) ;
#246=CARTESIAN_POINT('Control Point',(-24.8295176358,24.8432298954,-13.5921140748)) ;
#247=CARTESIAN_POINT('Control Point',(-22.934091962,21.7831960645,-17.8605312918)) ;
#248=CARTESIAN_POINT('Control Point',(-21.7271482056,20.1322840811,-19.6633489655)) ;
#249=CARTESIAN_POINT('Control Point',(-18.7077534858,16.8313251431,-22.588731425)) ;
#250=CARTESIAN_POINT('Control Point',(-14.6061077162,13.9130368148,-24.3760502809)) ;
#251=CARTESIAN_POINT('Control Point',(-12.3598232958,12.6782707499,-25.0033466852)) ;
#252=CARTESIAN_POINT('Control Point',(-8.34855057479,11.0492734444,-25.7461261538)) ;
#253=CARTESIAN_POINT('Control Point',(-4.06836013116,10.2138551067,-26.0727623548)) ;
#254=CARTESIAN_POINT('Control Point',(-2.32006179259,10.0134023688,-26.1479646626)) ;
#255=CARTESIAN_POINT('Control Point',(1.04919809003,9.89347845871,-26.1945334402)) ;
#256=CARTESIAN_POINT('Control Point',(4.39391041878,10.2768108624,-26.0470047319)) ;
#257=CARTESIAN_POINT('Control Point',(5.97571979873,10.5745521203,-25.9306268476)) ;
#258=CARTESIAN_POINT('Control Point',(10.0797293666,11.6572787981,-25.4840970877)) ;
#259=CARTESIAN_POINT('Control Point',(13.8684963022,13.4684897147,-24.6009445095)) ;
#260=CARTESIAN_POINT('Control Point',(16.0443116264,14.8473313829,-23.8391142684)) ;
#261=CARTESIAN_POINT('Control Point',(19.5677095487,17.6992554225,-21.9123546138)) ;
#262=CARTESIAN_POINT('Control Point',(22.1266179543,20.7075362066,-18.9980531288)) ;
#263=CARTESIAN_POINT('Control Point',(23.077251534,22.039046976,-17.4585776047)) ;
#264=CARTESIAN_POINT('Control Point',(24.8340187685,24.8615611038,-13.4718464187)) ;
#265=CARTESIAN_POINT('Control Point',(25.7149787912,26.8484641611,-8.72785645302)) ;
#266=CARTESIAN_POINT('Control Point',(26.0064187887,27.6156108302,-5.86866839915)) ;
#267=CARTESIAN_POINT('Control Point',(26.1533936612,28.,-2.93433423506)) ;
#268=CARTESIAN_POINT('Control Point',(26.1533936612,28.,-7.1054273576E-015)) ;
#279=CARTESIAN_POINT('Axis2P3D Location',(0.,0.,0.)) ;
#284=CARTESIAN_POINT('Line Origine',(0.,15.,-1.6996495357E-014)) ;
#289=CARTESIAN_POINT('Line Origine',(0.,-15.,8.49824767848E-015)) ;
#293=CARTESIAN_POINT('Vertex',(53.,-15.,8.49824767848E-015)) ;
#296=CARTESIAN_POINT('Axis2P3D Location',(53.,0.,0.)) ;
#300=CARTESIAN_POINT('Vertex',(53.,15.,0.)) ;
#303=CARTESIAN_POINT('Line Origine',(0.,15.,-1.6996495357E-014)) ;
#317=CARTESIAN_POINT('Axis2P3D Location',(53.,0.,0.)) ;
#331=CARTESIAN_POINT('Axis2P3D Location',(53.,0.,0.)) ;
#345=CARTESIAN_POINT('Line Origine',(0.,28.,-6.85779558141E-015)) ;
#349=CARTESIAN_POINT('Vertex',(-11.1803398875,28.,0.)) ;
#351=CARTESIAN_POINT('Vertex',(11.1803398875,28.,0.)) ;
#355=CARTESIAN_POINT('Control Point',(-11.1803398875,28.,1.68753899743E-014)) ;
#356=CARTESIAN_POINT('Control Point',(-11.1803398875,28.,-2.07385312404)) ;
#357=CARTESIAN_POINT('Control Point',(-11.0086072003,27.8079970187,-4.14770605413)) ;
#358=CARTESIAN_POINT('Control Point',(-10.6673023346,27.426506246,-6.17894220677)) ;
#359=CARTESIAN_POINT('Control Point',(-9.872734763,26.6284081909,-8.92942373176)) ;
#360=CARTESIAN_POINT('Control Point',(-8.4995982475,25.6247139793,-11.3233401451)) ;
#361=CARTESIAN_POINT('Control Point',(-8.04454574989,25.3196998137,-11.9856980429)) ;
#362=CARTESIAN_POINT('Control Point',(-6.66838714203,24.4938927313,-13.639161957)) ;
#363=CARTESIAN_POINT('Control Point',(-4.87312943383,23.7300899744,-14.899440437)) ;
#364=CARTESIAN_POINT('Control Point',(-3.57902997914,23.3300057106,-15.4910743033)) ;
#365=CARTESIAN_POINT('Control Point',(-0.83337737454,22.8594624141,-16.1728103971)) ;
#366=CARTESIAN_POINT('Control Point',(2.01127081957,23.0380685379,-15.9126959537)) ;
#367=CARTESIAN_POINT('Control Point',(3.34753358164,23.2922811539,-15.5558404108)) ;
#368=CARTESIAN_POINT('Control Point',(5.30357927843,23.8908266514,-14.6469469535)) ;
#369=CARTESIAN_POINT('Control Point',(6.89137936535,24.6526706292,-13.2966114918)) ;
#370=CARTESIAN_POINT('Control Point',(7.43749485378,24.9538037342,-12.7274394396)) ;
#371=CARTESIAN_POINT('Control Point',(8.48919593711,25.600550657,-11.4057926829)) ;
#372=CARTESIAN_POINT('Control Point',(9.29684098508,26.2115612486,-9.90516772148)) ;
#373=CARTESIAN_POINT('Control Point',(9.66417724897,26.5160480131,-9.06310908441)) ;
#374=CARTESIAN_POINT('Control Point',(10.4549998579,27.2174955086,-6.83989832956)) ;
#375=CARTESIAN_POINT('Control Point',(10.9135689336,27.7019186071,-4.46204173406)) ;
#376=CARTESIAN_POINT('Control Point',(11.0914006547,27.9005629148,-2.98488898155)) ;
#377=CARTESIAN_POINT('Control Point',(11.1803398875,28.,-1.492444541)) ;
#378=CARTESIAN_POINT('Control Point',(11.1803398875,28.,-6.66133814775E-015)) ;
#386=CARTESIAN_POINT('Control Point',(-11.1803398875,28.,8.881784197E-016)) ;
#387=CARTESIAN_POINT('Control Point',(-11.1803398875,28.,2.07385312411)) ;
#388=CARTESIAN_POINT('Control Point',(-11.0086072003,27.8079970187,4.14770605428)) ;
#389=CARTESIAN_POINT('Control Point',(-10.6673023345,27.4265062459,6.17894220721)) ;
#390=CARTESIAN_POINT('Control Point',(-9.87273476284,26.6284081908,8.9294237322)) ;
#391=CARTESIAN_POINT('Control Point',(-8.49959824725,25.6247139791,11.3233401455)) ;
#392=CARTESIAN_POINT('Control Point',(-8.04454574954,25.3196998134,11.9856980434)) ;
#393=CARTESIAN_POINT('Control Point',(-6.66838714162,24.4938927311,13.6391619573)) ;
#394=CARTESIAN_POINT('Control Point',(-4.87312943347,23.7300899742,14.8994404372)) ;
#395=CARTESIAN_POINT('Control Point',(-3.57902997867,23.3300057105,15.4910743035)) ;
#396=CARTESIAN_POINT('Control Point',(-0.8333773741,22.8594624141,16.1728103972)) ;
#397=CARTESIAN_POINT('Control Point',(2.01127081988,23.038068538,15.9126959536)) ;
#398=CARTESIAN_POINT('Control Point',(3.34753358219,23.292281154,15.5558404106)) ;
#399=CARTESIAN_POINT('Control Point',(5.30357927887,23.8908266515,14.6469469532)) ;
#400=CARTESIAN_POINT('Control Point',(6.89137936569,24.6526706294,13.2966114915)) ;
#401=CARTESIAN_POINT('Control Point',(7.43749485408,24.9538037344,12.7274394392)) ;
#402=CARTESIAN_POINT('Control Point',(8.48919593738,25.6005506572,11.4057926825)) ;
#403=CARTESIAN_POINT('Control Point',(9.2968409853,26.2115612488,9.90516772102)) ;
#404=CARTESIAN_POINT('Control Point',(9.66417724919,26.5160480132,9.06310908389)) ;
#405=CARTESIAN_POINT('Control Point',(10.454999858,27.2174955087,6.83989832915)) ;
#406=CARTESIAN_POINT('Control Point',(10.9135689337,27.7019186071,4.46204173381)) ;
#407=CARTESIAN_POINT('Control Point',(11.0914006547,27.9005629148,2.9848889812)) ;
#408=CARTESIAN_POINT('Control Point',(11.1803398875,28.,1.49244454082)) ;
#409=CARTESIAN_POINT('Control Point',(11.1803398875,28.,-4.4408920985E-016)) ;
#416=CARTESIAN_POINT('Axis2P3D Location',(0.,38.,0.)) ;
#421=CARTESIAN_POINT('Axis2P3D Location',(0.,38.,53.)) ;
#425=CARTESIAN_POINT('Vertex',(-15.,38.,53.)) ;
#427=CARTESIAN_POINT('Vertex',(15.,38.,53.)) ;
#430=CARTESIAN_POINT('Line Origine',(15.,38.,0.)) ;
#434=CARTESIAN_POINT('Vertex',(15.,38.,-53.)) ;
#437=CARTESIAN_POINT('Axis2P3D Location',(0.,38.,-53.)) ;
#441=CARTESIAN_POINT('Vertex',(-15.,38.,-53.)) ;
#444=CARTESIAN_POINT('Line Origine',(-15.,38.,0.)) ;
#460=CARTESIAN_POINT('Line Origine',(-28.,38.,0.)) ;
#464=CARTESIAN_POINT('Vertex',(-28.,38.,-53.)) ;
#466=CARTESIAN_POINT('Vertex',(-28.,38.,53.)) ;
#469=CARTESIAN_POINT('Axis2P3D Location',(0.,38.,-53.)) ;
#473=CARTESIAN_POINT('Vertex',(28.,38.,-53.)) ;
#476=CARTESIAN_POINT('Line Origine',(28.,38.,0.)) ;
#480=CARTESIAN_POINT('Vertex',(28.,38.,53.)) ;
#483=CARTESIAN_POINT('Axis2P3D Location',(0.,38.,53.)) ;
#499=CARTESIAN_POINT('Axis2P3D Location',(0.,0.,53.)) ;
#504=CARTESIAN_POINT('Axis2P3D Location',(0.,38.,53.)) ;
#513=CARTESIAN_POINT('Axis2P3D Location',(0.,38.,53.)) ;
#523=CARTESIAN_POINT('Axis2P3D Location',(0.,0.,-53.)) ;
#528=CARTESIAN_POINT('Axis2P3D Location',(0.,38.,-53.)) ;
#537=CARTESIAN_POINT('Axis2P3D Location',(0.,38.,-53.)) ;
#571=CARTESIAN_POINT('NONE',(0.,0.,0.)) ;
#572=CARTESIAN_POINT('NONE',(-35.6850681784,29.4912476128,-4.08956739763)) ;
#588=CARTESIAN_POINT('Axis2P3D Location',(6.,0.,-13.1600000001)) ;
#593=CARTESIAN_POINT('Line Origine',(8.5,-6.12303176911E-016,-13.1600000001)) ;
#597=CARTESIAN_POINT('Vertex',(8.5,0.,-15.)) ;
#599=CARTESIAN_POINT('Vertex',(8.5,0.,-25.)) ;
#603=CARTESIAN_POINT('Control Point',(3.5,3.33066907388E-016,-25.)) ;
#604=CARTESIAN_POINT('Control Point',(3.5,-0.312165778689,-25.)) ;
#605=CARTESIAN_POINT('Control Point',(3.54872373669,-0.624331550488,-24.9951276263)) ;
#606=CARTESIAN_POINT('Control Point',(3.6462035726,-0.926250395692,-24.9853552023)) ;
#607=CARTESIAN_POINT('Control Point',(4.07520621713,-1.77201891588,-24.9455184709)) ;
#608=CARTESIAN_POINT('Control Point',(4.85992420852,-2.36084112866,-24.8916749825)) ;
#609=CARTESIAN_POINT('Control Point',(5.49569203259,-2.57329779306,-24.8661500058)) ;
#610=CARTESIAN_POINT('Control Point',(6.81576633704,-2.57188385418,-24.869861641)) ;
#611=CARTESIAN_POINT('Control Point',(7.89683273398,-1.81474841213,-24.9388129607)) ;
#612=CARTESIAN_POINT('Control Point',(8.29910338355,-1.26774321514,-24.9799103384)) ;
#613=CARTESIAN_POINT('Control Point',(8.5,-0.633871621774,-25.)) ;
#614=CARTESIAN_POINT('Control Point',(8.5,-5.192993186E-016,-25.)) ;
#615=CARTESIAN_POINT('Vertex',(3.5,3.06151588456E-016,-25.)) ;
#618=CARTESIAN_POINT('Line Origine',(3.5,3.06151588456E-016,-13.1600000001)) ;
#622=CARTESIAN_POINT('Vertex',(3.5,3.06151588456E-016,-15.)) ;
#626=CARTESIAN_POINT('Control Point',(3.5,0.,-15.)) ;
#627=CARTESIAN_POINT('Control Point',(3.5,-0.832787584425,-15.)) ;
#628=CARTESIAN_POINT('Control Point',(3.84676758039,-1.66557503263,-14.9422054033)) ;
#629=CARTESIAN_POINT('Control Point',(4.53878528608,-2.29740378472,-14.8237895386)) ;
#630=CARTESIAN_POINT('Control Point',(6.16732543532,-2.80484573165,-14.7393527914)) ;
#631=CARTESIAN_POINT('Control Point',(7.6788996806,-2.08018764333,-14.8604522935)) ;
#632=CARTESIAN_POINT('Control Point',(8.2256816715,-1.4814001177,-14.9542802786)) ;
#633=CARTESIAN_POINT('Control Point',(8.5,-0.740700112731,-15.)) ;
#634=CARTESIAN_POINT('Control Point',(8.5,1.33226762955E-015,-15.)) ;
#643=CARTESIAN_POINT('Axis2P3D Location',(6.,0.,0.)) ;
#648=CARTESIAN_POINT('Axis2P3D Location',(12.,0.,0.)) ;
#652=CARTESIAN_POINT('Vertex',(12.,-15.,8.49824767848E-015)) ;
#654=CARTESIAN_POINT('Vertex',(12.,15.,0.)) ;
#657=CARTESIAN_POINT('Line Origine',(6.,15.,-1.6996495357E-014)) ;
#661=CARTESIAN_POINT('Vertex',(0.,15.,0.)) ;
#664=CARTESIAN_POINT('Axis2P3D Location',(0.,0.,0.)) ;
#668=CARTESIAN_POINT('Vertex',(0.,-15.,8.49824767848E-015)) ;
#671=CARTESIAN_POINT('Line Origine',(6.,-15.,8.49824767848E-015)) ;
#683=CARTESIAN_POINT('Control Point',(8.5,-2.88657986403E-015,-15.)) ;
#684=CARTESIAN_POINT('Control Point',(8.5,0.83278758447,-15.)) ;
#685=CARTESIAN_POINT('Control Point',(8.15323241963,1.6655702649,-14.9422054033)) ;
#686=CARTESIAN_POINT('Control Point',(7.4612195932,2.297404286,-14.8237896903)) ;
#687=CARTESIAN_POINT('Control Point',(5.83267022501,2.80484528582,-14.7393526565)) ;
#688=CARTESIAN_POINT('Control Point',(4.3211041791,2.08018803986,-14.8604524135)) ;
#689=CARTESIAN_POINT('Control Point',(3.77431832849,1.4813963461,-14.9542802786)) ;
#690=CARTESIAN_POINT('Control Point',(3.5,0.740700112774,-15.)) ;
#691=CARTESIAN_POINT('Control Point',(3.5,1.0748513441E-014,-15.)) ;
#698=CARTESIAN_POINT('Axis2P3D Location',(12.,0.,0.)) ;
#703=CARTESIAN_POINT('Axis2P3D Location',(0.,0.,0.)) ;
#715=CARTESIAN_POINT('Control Point',(3.,8.881784197E-016,15.)) ;
#716=CARTESIAN_POINT('Control Point',(3.,-0.339467704871,15.)) ;
#717=CARTESIAN_POINT('Control Point',(3.04801596777,-0.678934843867,14.9903968064)) ;
#718=CARTESIAN_POINT('Control Point',(3.144065466,-1.00888784625,14.9711568432)) ;
#719=CARTESIAN_POINT('Control Point',(3.56885247047,-1.94736372372,14.8909466796)) ;
#720=CARTESIAN_POINT('Control Point',(4.35722455891,-2.6513846758,14.7731725598)) ;
#721=CARTESIAN_POINT('Control Point',(5.00867155766,-2.95948930612,14.7044578523)) ;
#722=CARTESIAN_POINT('Control Point',(6.60489102674,-3.19514471175,14.6583669759)) ;
#723=CARTESIAN_POINT('Control Point',(8.06577647629,-2.4393208355,14.8092730191)) ;
#724=CARTESIAN_POINT('Control Point',(8.6871209815,-1.73309716891,14.9374241963)) ;
#725=CARTESIAN_POINT('Control Point',(9.,-0.86655042811,15.)) ;
#726=CARTESIAN_POINT('Control Point',(9.,-5.84704554564E-015,15.)) ;
#727=CARTESIAN_POINT('Vertex',(3.,3.67381906147E-016,15.)) ;
#729=CARTESIAN_POINT('Vertex',(9.,0.,15.)) ;
#733=CARTESIAN_POINT('Control Point',(9.,-5.77315972805E-015,15.)) ;
#734=CARTESIAN_POINT('Control Point',(9.,0.33946770487,15.)) ;
#735=CARTESIAN_POINT('Control Point',(8.95198403223,0.678934843866,14.9903968064)) ;
#736=CARTESIAN_POINT('Control Point',(8.85593453401,1.00888784623,14.9711568432)) ;
#737=CARTESIAN_POINT('Control Point',(8.43114752954,1.94736372371,14.8909466796)) ;
#738=CARTESIAN_POINT('Control Point',(7.64277544109,2.65138467579,14.7731725598)) ;
#739=CARTESIAN_POINT('Control Point',(6.99132844236,2.95948930611,14.7044578523)) ;
#740=CARTESIAN_POINT('Control Point',(5.39510897329,3.19514471175,14.6583669759)) ;
#741=CARTESIAN_POINT('Control Point',(3.93422352374,2.43932083552,14.8092730191)) ;
#742=CARTESIAN_POINT('Control Point',(3.31287901849,1.7330971689,14.9374241963)) ;
#743=CARTESIAN_POINT('Control Point',(3.,0.866550428106,15.)) ;
#744=CARTESIAN_POINT('Control Point',(3.,4.07068870623E-015,15.)) ;
#751=CARTESIAN_POINT('Axis2P3D Location',(12.,0.,0.)) ;
#756=CARTESIAN_POINT('Axis2P3D Location',(12.,0.,0.)) ;
#760=CARTESIAN_POINT('Vertex',(12.,25.,0.)) ;
#762=CARTESIAN_POINT('Vertex',(12.,-25.,3.06151588456E-015)) ;
#765=CARTESIAN_POINT('Axis2P3D Location',(12.,0.,0.)) ;
#779=CARTESIAN_POINT('Axis2P3D Location',(6.,0.,13.1600000001)) ;
#784=CARTESIAN_POINT('Line Origine',(9.,0.,13.1600000001)) ;
#788=CARTESIAN_POINT('Vertex',(9.,0.,25.)) ;
#792=CARTESIAN_POINT('Control Point',(9.,-4.4408920985E-016,25.)) ;
#793=CARTESIAN_POINT('Control Point',(9.,1.02552135144,25.)) ;
#794=CARTESIAN_POINT('Control Point',(8.56179414906,2.05104262852,24.9474152979)) ;
#795=CARTESIAN_POINT('Control Point',(7.68249104702,2.81809908718,24.8401394748)) ;
#796=CARTESIAN_POINT('Control Point',(5.70220547253,3.35865164488,24.7772653581)) ;
#797=CARTESIAN_POINT('Control Point',(3.92720484474,2.43081359939,24.8868025851)) ;
#798=CARTESIAN_POINT('Control Point',(3.3089583325,1.72220783049,24.9629250001)) ;
#799=CARTESIAN_POINT('Control Point',(3.,0.861103941459,25.)) ;
#800=CARTESIAN_POINT('Control Point',(3.,2.89883607629E-016,25.)) ;
#801=CARTESIAN_POINT('Vertex',(3.,3.67381906147E-016,25.)) ;
#804=CARTESIAN_POINT('Line Origine',(3.,3.67381906147E-016,13.1600000001)) ;
#817=CARTESIAN_POINT('Control Point',(3.,-4.4408920985E-016,25.)) ;
#818=CARTESIAN_POINT('Control Point',(3.,-1.02552135143,25.)) ;
#819=CARTESIAN_POINT('Control Point',(3.43820585093,-2.05104262849,24.9474152979)) ;
#820=CARTESIAN_POINT('Control Point',(4.31750895304,-2.8180990872,24.8401394748)) ;
#821=CARTESIAN_POINT('Control Point',(6.29779452751,-3.35865164487,24.7772653581)) ;
#822=CARTESIAN_POINT('Control Point',(8.07279515527,-2.43081359937,24.8868025851)) ;
#823=CARTESIAN_POINT('Control Point',(8.6910416675,-1.72220783048,24.9629250001)) ;
#824=CARTESIAN_POINT('Control Point',(9.,-0.861103941457,25.)) ;
#825=CARTESIAN_POINT('Control Point',(9.,-4.4408920985E-016,25.)) ;
#834=CARTESIAN_POINT('Axis2P3D Location',(6.,0.,0.)) ;
#839=CARTESIAN_POINT('Line Origine',(6.,25.,0.)) ;
#843=CARTESIAN_POINT('Vertex',(0.,25.,0.)) ;
#846=CARTESIAN_POINT('Axis2P3D Location',(0.,0.,0.)) ;
#850=CARTESIAN_POINT('Vertex',(0.,-25.,3.06151588456E-015)) ;
#853=CARTESIAN_POINT('Line Origine',(6.,-25.,3.06151588456E-015)) ;
#869=CARTESIAN_POINT('Axis2P3D Location',(0.,0.,0.)) ;
#874=CARTESIAN_POINT('Axis2P3D Location',(0.,0.,0.)) ;
#895=CARTESIAN_POINT('Control Point',(8.5,-2.68673971959E-014,-25.)) ;
#896=CARTESIAN_POINT('Control Point',(8.5,0.312165778676,-25.)) ;
#897=CARTESIAN_POINT('Control Point',(8.45127626332,0.624330868293,-24.9951276263)) ;
#898=CARTESIAN_POINT('Control Point',(8.35379683035,0.926249839524,-24.9853551371)) ;
#899=CARTESIAN_POINT('Control Point',(7.92479297518,1.77202003066,-24.9455186015)) ;
#900=CARTESIAN_POINT('Control Point',(7.14007741057,2.36083889398,-24.8916747208)) ;
#901=CARTESIAN_POINT('Control Point',(6.50431060154,2.5732986475,-24.8661501643)) ;
#902=CARTESIAN_POINT('Control Point',(5.18423099428,2.57188298853,-24.8698614804)) ;
#903=CARTESIAN_POINT('Control Point',(4.10316996964,1.8147492891,-24.9388131233)) ;
#904=CARTESIAN_POINT('Control Point',(3.70089661638,1.26774040231,-24.9799103384)) ;
#905=CARTESIAN_POINT('Control Point',(3.5,0.633871621709,-25.)) ;
#906=CARTESIAN_POINT('Control Point',(3.5,-4.58772659482E-015,-25.)) ;
#930=CARTESIAN_POINT('NONE',(0.,0.,0.)) ;
#931=CARTESIAN_POINT('NONE',(2.18497083972,26.3511608679,76.9104326024)) ;
#947=CARTESIAN_POINT('Axis2P3D Location',(-45.,0.,-80.9)) ;
#952=CARTESIAN_POINT('Line Origine',(-31.8362615716,7.19138307906,0.)) ;
#956=CARTESIAN_POINT('Vertex',(-31.8362615716,7.19138307906,-53.)) ;
#958=CARTESIAN_POINT('Vertex',(-31.8362615716,7.19138307906,-81.)) ;
#961=CARTESIAN_POINT('Axis2P3D Location',(-45.,0.,-81.)) ;
#965=CARTESIAN_POINT('Vertex',(-58.1637384284,-7.19138307906,-81.)) ;
#968=CARTESIAN_POINT('Line Origine',(-58.1637384284,-7.19138307906,0.)) ;
#972=CARTESIAN_POINT('Vertex',(-58.1637384284,-7.19138307906,-53.)) ;
#975=CARTESIAN_POINT('Axis2P3D Location',(-45.,0.,-53.)) ;
#987=CARTESIAN_POINT('Axis2P3D Location',(0.,0.,-53.)) ;
#992=CARTESIAN_POINT('Line Origine',(-24.8862356006,40.849559137,-53.)) ;
#996=CARTESIAN_POINT('Vertex',(5.3290705182E-015,44.,-53.)) ;
#998=CARTESIAN_POINT('Vertex',(-49.7724712012,37.699118274,-53.)) ;
#1001=CARTESIAN_POINT('Axis2P3D Location',(-45.,0.,-53.)) ;
#1005=CARTESIAN_POINT('Vertex',(-49.7724712012,-37.699118274,-53.)) ;
#1008=CARTESIAN_POINT('Line Origine',(-24.8862356006,-40.849559137,-53.)) ;
#1012=CARTESIAN_POINT('Vertex',(0.,-44.,-53.)) ;
#1015=CARTESIAN_POINT('Line Origine',(5.3290705182E-015,7.1054273576E-015,-53.)) ;
#1026=CARTESIAN_POINT('Axis2P3D Location',(-45.,1.7763568394E-015,-53.)) ;
#1036=CARTESIAN_POINT('Axis2P3D Location',(0.,44.,81.)) ;
#1041=CARTESIAN_POINT('Line Origine',(0.,44.,-67.)) ;
#1045=CARTESIAN_POINT('Vertex',(5.3290705182E-015,44.,-81.)) ;
#1048=CARTESIAN_POINT('Line Origine',(-24.8862356006,40.849559137,-81.)) ;
#1052=CARTESIAN_POINT('Vertex',(-49.7724712012,37.699118274,-81.)) ;
#1055=CARTESIAN_POINT('Line Origine',(-49.7724712012,37.699118274,-67.)) ;
#1067=CARTESIAN_POINT('Axis2P3D Location',(-45.,0.,67.)) ;
#1072=CARTESIAN_POINT('Axis2P3D Location',(-45.,0.,-81.)) ;
#1076=CARTESIAN_POINT('Vertex',(-49.7724712012,-37.699118274,-81.)) ;
#1079=CARTESIAN_POINT('Line Origine',(-49.7724712012,-37.699118274,0.)) ;
#1091=CARTESIAN_POINT('Axis2P3D Location',(0.,-44.,81.)) ;
#1096=CARTESIAN_POINT('Line Origine',(-24.8862356006,-40.849559137,-81.)) ;
#1100=CARTESIAN_POINT('Vertex',(5.3290705182E-015,-44.,-81.)) ;
#1103=CARTESIAN_POINT('Line Origine',(0.,-44.,-67.)) ;
#1115=CARTESIAN_POINT('Axis2P3D Location',(0.,0.,53.)) ;
#1120=CARTESIAN_POINT('Line Origine',(5.3290705182E-015,7.1054273576E-015,53.)) ;
#1124=CARTESIAN_POINT('Vertex',(0.,-44.,53.)) ;
#1126=CARTESIAN_POINT('Vertex',(5.3290705182E-015,44.,53.)) ;
#1129=CARTESIAN_POINT('Line Origine',(-24.8862356006,-40.849559137,53.)) ;
#1133=CARTESIAN_POINT('Vertex',(-49.7724712012,-37.699118274,53.)) ;
#1136=CARTESIAN_POINT('Axis2P3D Location',(-45.,0.,53.)) ;
#1140=CARTESIAN_POINT('Vertex',(-49.7724712012,37.699118274,53.)) ;
#1143=CARTESIAN_POINT('Line Origine',(-24.8862356006,40.849559137,53.)) ;
#1154=CARTESIAN_POINT('Axis2P3D Location',(-45.,-7.1054273576E-015,53.)) ;
#1158=CARTESIAN_POINT('Vertex',(-58.1637384284,-7.19138307906,53.)) ;
#1160=CARTESIAN_POINT('Vertex',(-31.8362615716,7.19138307906,53.)) ;
#1163=CARTESIAN_POINT('Axis2P3D Location',(-45.,1.7763568394E-015,53.)) ;
#1173=CARTESIAN_POINT('Line Origine',(-31.8362615716,7.19138307906,0.)) ;
#1177=CARTESIAN_POINT('Vertex',(-31.8362615716,7.19138307906,81.)) ;
#1180=CARTESIAN_POINT('Axis2P3D Location',(-45.,0.,81.)) ;
#1184=CARTESIAN_POINT('Vertex',(-58.1637384284,-7.19138307906,81.)) ;
#1187=CARTESIAN_POINT('Line Origine',(-58.1637384284,-7.19138307906,0.)) ;
#1199=CARTESIAN_POINT('Axis2P3D Location',(-45.,0.,81.)) ;
#1211=CARTESIAN_POINT('Axis2P3D Location',(57.5,0.,0.)) ;
#1216=CARTESIAN_POINT('Line Origine',(57.5,44.,0.)) ;
#1220=CARTESIAN_POINT('Vertex',(30.,44.,0.)) ;
#1222=CARTESIAN_POINT('Vertex',(85.,44.,0.)) ;
#1225=CARTESIAN_POINT('Axis2P3D Location',(30.,0.,0.)) ;
#1229=CARTESIAN_POINT('Vertex',(30.,-44.,2.49281931902E-014)) ;
#1232=CARTESIAN_POINT('Line Origine',(57.5,-44.,2.49281931902E-014)) ;
#1236=CARTESIAN_POINT('Vertex',(85.,-44.,2.49281931902E-014)) ;
#1239=CARTESIAN_POINT('Axis2P3D Location',(85.,0.,0.)) ;
#1251=CARTESIAN_POINT('Axis2P3D Location',(30.,0.,0.)) ;
#1256=CARTESIAN_POINT('Axis2P3D Location',(85.,0.,0.)) ;
#1268=CARTESIAN_POINT('Axis2P3D Location',(30.,0.,0.)) ;
#1273=CARTESIAN_POINT('Line Origine',(30.,44.,40.5)) ;
#1277=CARTESIAN_POINT('Vertex',(30.,44.,81.)) ;
#1280=CARTESIAN_POINT('Line Origine',(30.,1.42108547152E-014,81.)) ;
#1284=CARTESIAN_POINT('Vertex',(30.,-44.,81.)) ;
#1287=CARTESIAN_POINT('Line Origine',(30.,-44.,40.5)) ;
#1299=CARTESIAN_POINT('Line Origine',(30.,-44.,-40.5)) ;
#1303=CARTESIAN_POINT('Vertex',(30.,-44.,-81.)) ;
#1306=CARTESIAN_POINT('Line Origine',(30.,-7.1054273576E-015,-81.)) ;
#1310=CARTESIAN_POINT('Vertex',(30.,44.,-81.)) ;
#1313=CARTESIAN_POINT('Line Origine',(30.,44.,-40.5)) ;
#1325=CARTESIAN_POINT('Axis2P3D Location',(0.,-44.,81.)) ;
#1330=CARTESIAN_POINT('Line Origine',(-24.8862356006,40.849559137,81.)) ;
#1334=CARTESIAN_POINT('Vertex',(5.3290705182E-015,44.,81.)) ;
#1336=CARTESIAN_POINT('Vertex',(-49.7724712012,37.699118274,81.)) ;
#1339=CARTESIAN_POINT('Axis2P3D Location',(-45.,0.,81.)) ;
#1343=CARTESIAN_POINT('Vertex',(-49.7724712012,-37.699118274,81.)) ;
#1346=CARTESIAN_POINT('Line Origine',(-24.8862356006,-40.849559137,81.)) ;
#1350=CARTESIAN_POINT('Vertex',(5.3290705182E-015,-44.,81.)) ;
#1353=CARTESIAN_POINT('Line Origine',(15.,-44.,81.)) ;
#1358=CARTESIAN_POINT('Line Origine',(15.,44.,81.)) ;
#1376=CARTESIAN_POINT('Line Origine',(0.,-44.,67.)) ;
#1381=CARTESIAN_POINT('Line Origine',(-49.7724712012,-37.699118274,67.)) ;
#1393=CARTESIAN_POINT('Line Origine',(-49.7724712012,37.699118274,0.)) ;
#1405=CARTESIAN_POINT('Line Origine',(0.,44.,67.)) ;
#1417=CARTESIAN_POINT('Axis2P3D Location',(84.9,0.,0.)) ;
#1422=CARTESIAN_POINT('Axis2P3D Location',(85.,0.,0.)) ;
#1426=CARTESIAN_POINT('Vertex',(85.,-21.9395640473,11.9856384651)) ;
#1428=CARTESIAN_POINT('Vertex',(85.,21.9395640473,-11.9856384651)) ;
#1431=CARTESIAN_POINT('Line Origine',(42.6549992371,21.9395640473,-11.9856384651)) ;
#1435=CARTESIAN_POINT('Vertex',(0.,21.9395640473,-11.9856384651)) ;
#1438=CARTESIAN_POINT('Axis2P3D Location',(0.,0.,0.)) ;
#1442=CARTESIAN_POINT('Vertex',(0.,-21.9395640473,11.9856384651)) ;
#1445=CARTESIAN_POINT('Line Origine',(42.6549992371,-21.9395640473,11.9856384651)) ;
#1457=CARTESIAN_POINT('Axis2P3D Location',(0.,-44.,-81.)) ;
#1462=CARTESIAN_POINT('Line Origine',(0.,-44.,7.1054273576E-015)) ;
#1467=CARTESIAN_POINT('Line Origine',(15.,-44.,-81.)) ;
#1482=CARTESIAN_POINT('Axis2P3D Location',(0.,44.,81.)) ;
#1487=CARTESIAN_POINT('Line Origine',(15.,44.,-81.)) ;
#1492=CARTESIAN_POINT('Line Origine',(0.,44.,7.1054273576E-015)) ;
#1507=CARTESIAN_POINT('Axis2P3D Location',(0.,44.,-81.)) ;
#1520=CARTESIAN_POINT('Axis2P3D Location',(-45.,-7.1054273576E-015,-81.)) ;
#1537=CARTESIAN_POINT('Line Origine',(42.6549992371,-4.,24.6779253585)) ;
#1541=CARTESIAN_POINT('Vertex',(85.,-4.,24.6779253585)) ;
#1543=CARTESIAN_POINT('Vertex',(0.,-4.,24.6779253585)) ;
#1546=CARTESIAN_POINT('Axis2P3D Location',(85.,0.,0.)) ;
#1551=CARTESIAN_POINT('Axis2P3D Location',(0.,0.,0.)) ;
#1563=CARTESIAN_POINT('Line Origine',(42.6549992371,4.,24.6779253585)) ;
#1567=CARTESIAN_POINT('Vertex',(85.,4.,24.6779253585)) ;
#1569=CARTESIAN_POINT('Vertex',(0.,4.,24.6779253585)) ;
#1572=CARTESIAN_POINT('Axis2P3D Location',(0.,0.,0.)) ;
#1577=CARTESIAN_POINT('Axis2P3D Location',(85.,0.,0.)) ;
#1589=CARTESIAN_POINT('Axis2P3D Location',(85.,0.,0.)) ;
#1598=CARTESIAN_POINT('Line Origine',(85.,-4.,26.8389626793)) ;
#1602=CARTESIAN_POINT('Vertex',(85.,-4.,29.)) ;
#1605=CARTESIAN_POINT('Line Origine',(85.,-8.881784197E-016,29.)) ;
#1609=CARTESIAN_POINT('Vertex',(85.,4.,29.)) ;
#1612=CARTESIAN_POINT('Line Origine',(85.,4.,26.8389626793)) ;
#1626=CARTESIAN_POINT('Axis2P3D Location',(0.,0.,0.)) ;
#1637=CARTESIAN_POINT('Line Origine',(0.,4.,26.8389626793)) ;
#1641=CARTESIAN_POINT('Vertex',(0.,4.,29.)) ;
#1644=CARTESIAN_POINT('Line Origine',(0.,-8.881784197E-016,29.)) ;
#1648=CARTESIAN_POINT('Vertex',(0.,-4.,29.)) ;
#1651=CARTESIAN_POINT('Line Origine',(0.,-4.,26.8389626793)) ;
#1665=CARTESIAN_POINT('Axis2P3D Location',(85.,-4.,29.)) ;
#1670=CARTESIAN_POINT('Line Origine',(42.5,4.,29.)) ;
#1675=CARTESIAN_POINT('Line Origine',(42.5,-4.,29.)) ;
#1687=CARTESIAN_POINT('Axis2P3D Location',(85.,-4.,24.6779253585)) ;
#1699=CARTESIAN_POINT('Axis2P3D Location',(85.,4.,29.)) ;
#1721=CARTESIAN_POINT('NONE',(0.,0.,0.)) ;
#1722=CARTESIAN_POINT('NONE',(-80.1107166238,33.1749087189,2.05798504721)) ;
#1738=CARTESIAN_POINT('Axis2P3D Location',(0.,0.,180.)) ;
#1743=CARTESIAN_POINT('Axis2P3D Location',(0.,0.,180.)) ;
#1747=CARTESIAN_POINT('Vertex',(15.,0.,180.)) ;
#1749=CARTESIAN_POINT('Vertex',(-15.,8.49824767848E-015,180.)) ;
#1752=CARTESIAN_POINT('Axis2P3D Location',(0.,0.,180.)) ;
#1762=CARTESIAN_POINT('Axis2P3D Location',(0.,0.,0.)) ;
#1767=CARTESIAN_POINT('Axis2P3D Location',(0.,0.,0.)) ;
#1771=CARTESIAN_POINT('Vertex',(25.,0.,0.)) ;
#1773=CARTESIAN_POINT('Vertex',(-25.,3.06151588456E-015,0.)) ;
#1776=CARTESIAN_POINT('Axis2P3D Location',(0.,0.,0.)) ;
#1785=CARTESIAN_POINT('Axis2P3D Location',(0.,0.,0.)) ;
#1789=CARTESIAN_POINT('Vertex',(15.,0.,0.)) ;
#1791=CARTESIAN_POINT('Vertex',(-15.,8.49824767848E-015,0.)) ;
#1794=CARTESIAN_POINT('Axis2P3D Location',(0.,0.,0.)) ;
#1804=CARTESIAN_POINT('Axis2P3D Location',(0.,0.,-12.)) ;
#1809=CARTESIAN_POINT('Axis2P3D Location',(0.,0.,-12.)) ;
#1813=CARTESIAN_POINT('Vertex',(-25.,3.06151588456E-015,-12.)) ;
#1815=CARTESIAN_POINT('Vertex',(25.,0.,-12.)) ;
#1818=CARTESIAN_POINT('Axis2P3D Location',(0.,0.,-12.)) ;
#1828=CARTESIAN_POINT('Axis2P3D Location',(0.,0.,-6.)) ;
#1833=CARTESIAN_POINT('Line Origine',(25.,-6.12303176911E-015,-6.)) ;
#1838=CARTESIAN_POINT('Line Origine',(-25.,3.06151588456E-015,-6.)) ;
#1857=CARTESIAN_POINT('Axis2P3D Location',(0.,0.,90.)) ;
#1862=CARTESIAN_POINT('Line Origine',(-15.,8.49824767848E-015,90.)) ;
#1867=CARTESIAN_POINT('Line Origine',(15.,-1.6996495357E-014,90.)) ;
#1879=CARTESIAN_POINT('Control Point',(-2.5,-14.7901994577,168.)) ;
#1880=CARTESIAN_POINT('Control Point',(-2.5,-14.7901994577,167.213192682)) ;
#1881=CARTESIAN_POINT('Control Point',(-2.18986287797,-14.8423534085,166.426265292)) ;
#1882=CARTESIAN_POINT('Control Point',(-1.57358797685,-14.9490072134,165.809967519)) ;
#1883=CARTESIAN_POINT('Control Point',(-0.786478642497,-15.0000126736,165.499934583)) ;
#1884=CARTESIAN_POINT('Control Point',(0.000241678925712,-14.9999999981,165.500003176)) ;
#1885=CARTESIAN_POINT('Vertex',(-2.5,-14.7901994577,168.)) ;
#1887=CARTESIAN_POINT('Vertex',(0.000240907650611,-15.,165.500000012)) ;
#1891=CARTESIAN_POINT('Control Point',(-0.000241678938934,-14.9999999981,170.499996824)) ;
#1892=CARTESIAN_POINT('Control Point',(-0.78683497171,-14.9999873245,170.499928242)) ;
#1893=CARTESIAN_POINT('Control Point',(-1.57410297428,-14.9489430551,170.189477851)) ;
#1894=CARTESIAN_POINT('Control Point',(-2.18964224856,-14.8423737493,169.573998048)) ;
#1895=CARTESIAN_POINT('Control Point',(-2.5,-14.7901994577,168.786680275)) ;
#1896=CARTESIAN_POINT('Control Point',(-2.5,-14.7901994577,168.)) ;
#1897=CARTESIAN_POINT('Vertex',(-0.000240907663774,-15.,170.499999988)) ;
#1901=CARTESIAN_POINT('Control Point',(2.5,-14.7901994577,168.)) ;
#1902=CARTESIAN_POINT('Control Point',(2.5,-14.7901994577,168.786807318)) ;
#1903=CARTESIAN_POINT('Control Point',(2.18986287738,-14.8423534085,169.573734709)) ;
#1904=CARTESIAN_POINT('Control Point',(1.5735879773,-14.9490072133,170.19003248)) ;
#1905=CARTESIAN_POINT('Control Point',(0.786478642599,-15.0000126736,170.500065417)) ;
#1906=CARTESIAN_POINT('Control Point',(-0.000241678938934,-14.9999999981,170.499996824)) ;
#1907=CARTESIAN_POINT('Vertex',(2.5,-14.7901994577,168.)) ;
#1911=CARTESIAN_POINT('Control Point',(0.000241678925712,-14.9999999981,165.500003176)) ;
#1912=CARTESIAN_POINT('Control Point',(0.786834971549,-14.9999873245,165.500071758)) ;
#1913=CARTESIAN_POINT('Control Point',(1.57410297435,-14.9489430551,165.810522149)) ;
#1914=CARTESIAN_POINT('Control Point',(2.18964224873,-14.8423737493,166.426001952)) ;
#1915=CARTESIAN_POINT('Control Point',(2.5,-14.7901994577,167.213319725)) ;
#1916=CARTESIAN_POINT('Control Point',(2.5,-14.7901994577,168.)) ;
#1925=CARTESIAN_POINT('Axis2P3D Location',(0.,-7.5,168.)) ;
#1930=CARTESIAN_POINT('Line Origine',(-2.5,-7.5,168.)) ;
#1934=CARTESIAN_POINT('Vertex',(-2.5,0.,168.)) ;
#1937=CARTESIAN_POINT('Axis2P3D Location',(0.,0.,168.)) ;
#1941=CARTESIAN_POINT('Vertex',(2.5,0.,168.)) ;
#1944=CARTESIAN_POINT('Line Origine',(2.5,-7.5,168.)) ;
#1957=CARTESIAN_POINT('Axis2P3D Location',(0.,0.,168.)) ;
#1977=CARTESIAN_POINT('Control Point',(3.,14.6969384567,168.)) ;
#1978=CARTESIAN_POINT('Control Point',(3.,14.6969384567,167.05515286)) ;
#1979=CARTESIAN_POINT('Control Point',(2.62633028997,14.7728949822,166.110320261)) ;
#1980=CARTESIAN_POINT('Control Point',(1.88976135091,14.9264146949,165.373670155)) ;
#1981=CARTESIAN_POINT('Control Point',(0.944847303391,14.9999999897,165.000000051)) ;
#1982=CARTESIAN_POINT('Control Point',(1.63234043615E-007,15.,165.)) ;
#1983=CARTESIAN_POINT('Vertex',(3.,14.6969384567,168.)) ;
#1985=CARTESIAN_POINT('Vertex',(1.6323404017E-007,15.,165.)) ;
#1989=CARTESIAN_POINT('Control Point',(7.04230646077E-016,15.,171.)) ;
#1990=CARTESIAN_POINT('Control Point',(0.944847314639,15.,171.)) ;
#1991=CARTESIAN_POINT('Control Point',(1.88976083453,14.9264147661,170.626331223)) ;
#1992=CARTESIAN_POINT('Control Point',(2.62633155251,14.7728947846,169.889677001)) ;
#1993=CARTESIAN_POINT('Control Point',(3.,14.6969384567,168.944847315)) ;
#1994=CARTESIAN_POINT('Control Point',(3.,14.6969384567,168.)) ;
#1995=CARTESIAN_POINT('Vertex',(-1.83690953073E-016,15.,171.)) ;
#1999=CARTESIAN_POINT('Control Point',(-3.,14.6969384567,168.)) ;
#2000=CARTESIAN_POINT('Control Point',(-3.,14.6969384567,168.944847173)) ;
#2001=CARTESIAN_POINT('Control Point',(-2.62633026435,14.7728949875,169.889679804)) ;
#2002=CARTESIAN_POINT('Control Point',(-1.88976127436,14.9264147107,170.626329922)) ;
#2003=CARTESIAN_POINT('Control Point',(-0.944847172782,15.,171.)) ;
#2004=CARTESIAN_POINT('Control Point',(1.17145496328E-015,15.,171.)) ;
#2005=CARTESIAN_POINT('Vertex',(-3.,14.6969384567,168.)) ;
#2009=CARTESIAN_POINT('Control Point',(1.63234043615E-007,15.,165.)) ;
#2010=CARTESIAN_POINT('Control Point',(-0.944847184198,15.0000000103,164.999999949)) ;
#2011=CARTESIAN_POINT('Control Point',(-1.88976075796,14.9264147818,165.3736687)) ;
#2012=CARTESIAN_POINT('Control Point',(-2.62633152664,14.77289479,166.110322934)) ;
#2013=CARTESIAN_POINT('Control Point',(-3.,14.6969384567,167.055152653)) ;
#2014=CARTESIAN_POINT('Control Point',(-3.,14.6969384567,168.)) ;
#2023=CARTESIAN_POINT('Axis2P3D Location',(0.,0.,0.)) ;
#2028=CARTESIAN_POINT('Axis2P3D Location',(0.,0.,168.)) ;
#2032=CARTESIAN_POINT('Vertex',(-3.,0.,168.)) ;
#2034=CARTESIAN_POINT('Vertex',(3.,0.,168.)) ;
#2037=CARTESIAN_POINT('Axis2P3D Location',(0.,0.,168.)) ;
#2051=CARTESIAN_POINT('Axis2P3D Location',(0.,7.5,168.)) ;
#2056=CARTESIAN_POINT('Line Origine',(3.,7.5,168.)) ;
#2061=CARTESIAN_POINT('Line Origine',(-3.,7.5,168.)) ;
#2092=CARTESIAN_POINT('NONE',(0.,0.,0.)) ;
#2093=CARTESIAN_POINT('NONE',(-42.3784109767,-51.2317302943,-4.08956739763)) ;
#2109=CARTESIAN_POINT('Axis2P3D Location',(0.,-1.06581410364E-014,0.)) ;
#2114=CARTESIAN_POINT('Axis2P3D Location',(0.,60.,0.)) ;
#2118=CARTESIAN_POINT('Vertex',(1.43827661581,60.,2.63274768567)) ;
#2120=CARTESIAN_POINT('Vertex',(-1.43827661581,60.,-2.63274768567)) ;
#2123=CARTESIAN_POINT('Line Origine',(1.31842023116,30.,2.4133520452)) ;
#2127=CARTESIAN_POINT('Vertex',(1.19856384651,-7.10555070929E-015,2.19395640473)) ;
#2130=CARTESIAN_POINT('Axis2P3D Location',(0.,-1.06581410364E-014,0.)) ;
#2134=CARTESIAN_POINT('Vertex',(-1.19856384651,-7.10555070929E-015,-2.19395640473)) ;
#2137=CARTESIAN_POINT('Line Origine',(-1.31842023116,30.,-2.4133520452)) ;
#2149=CARTESIAN_POINT('Axis2P3D Location',(0.,60.,0.)) ;
#2154=CARTESIAN_POINT('Axis2P3D Location',(0.,-1.06581410364E-014,0.)) ;
#2166=CARTESIAN_POINT('Axis2P3D Location',(0.,60.,0.)) ;
#2176=CARTESIAN_POINT('Axis2P3D Location',(0.,0.,0.)) ;
#2196=CARTESIAN_POINT('NONE',(0.,0.,0.)) ;
#2197=CARTESIAN_POINT('NONE',(32.1849708397,26.3511608679,82.9104326024)) ;
#2211=CARTESIAN_POINT('NONE',(0.,0.,0.)) ;
#2212=CARTESIAN_POINT('NONE',(47.1849708397,26.3511608679,-4.08956739763)) ;
#2226=CARTESIAN_POINT('NONE',(0.,0.,0.)) ;
#2227=CARTESIAN_POINT('NONE',(-36.0085302435,116.816631602,-32.0926508606)) ;
#2241=CARTESIAN_POINT('NONE',(0.,0.,0.)) ;
#2242=CARTESIAN_POINT('NONE',(2.18497083972,26.3511608679,-85.0895673976)) ;
#2256=CARTESIAN_POINT('NONE',(0.,0.,0.)) ;
#2257=CARTESIAN_POINT('NONE',(-28.0001190396,122.17318521,-4.08956739763)) ;
#64=DIRECTION('Axis2P3D Direction',(0.,0.,1.)) ;
#65=DIRECTION('Axis2P3D XDirection',(1.,0.,0.)) ;
#124=DIRECTION('Axis2P3D Direction',(1.,0.,0.)) ;
#125=DIRECTION('Axis2P3D XDirection',(0.,1.,0.)) ;
#129=DIRECTION('Axis2P3D Direction',(1.,0.,0.)) ;
#138=DIRECTION('Axis2P3D Direction',(1.,0.,0.)) ;
#147=DIRECTION('Axis2P3D Direction',(1.,0.,0.)) ;
#156=DIRECTION('Axis2P3D Direction',(1.,0.,0.)) ;
#166=DIRECTION('Axis2P3D Direction',(1.,0.,0.)) ;
#167=DIRECTION('Axis2P3D XDirection',(0.,1.,0.)) ;
#171=DIRECTION('Vector Direction',(1.,0.,0.)) ;
#178=DIRECTION('Vector Direction',(1.,0.,0.)) ;
#185=DIRECTION('Axis2P3D Direction',(1.,0.,0.)) ;
#192=DIRECTION('Vector Direction',(1.,0.,0.)) ;
#237=DIRECTION('Axis2P3D Direction',(1.,0.,0.)) ;
#280=DIRECTION('Axis2P3D Direction',(1.,0.,0.)) ;
#281=DIRECTION('Axis2P3D XDirection',(0.,1.,0.)) ;
#285=DIRECTION('Vector Direction',(1.,0.,0.)) ;
#290=DIRECTION('Vector Direction',(1.,0.,0.)) ;
#297=DIRECTION('Axis2P3D Direction',(1.,0.,0.)) ;
#304=DIRECTION('Vector Direction',(1.,0.,0.)) ;
#318=DIRECTION('Axis2P3D Direction',(1.,0.,0.)) ;
#332=DIRECTION('Axis2P3D Direction',(1.,0.,0.)) ;
#333=DIRECTION('Axis2P3D XDirection',(0.,1.,0.)) ;
#346=DIRECTION('Vector Direction',(1.,0.,0.)) ;
#417=DIRECTION('Axis2P3D Direction',(0.,0.,1.)) ;
#418=DIRECTION('Axis2P3D XDirection',(1.,0.,0.)) ;
#422=DIRECTION('Axis2P3D Direction',(0.,0.,1.)) ;
#431=DIRECTION('Vector Direction',(0.,0.,1.)) ;
#438=DIRECTION('Axis2P3D Direction',(0.,0.,1.)) ;
#445=DIRECTION('Vector Direction',(0.,0.,1.)) ;
#461=DIRECTION('Vector Direction',(0.,0.,1.)) ;
#470=DIRECTION('Axis2P3D Direction',(0.,0.,1.)) ;
#477=DIRECTION('Vector Direction',(0.,0.,1.)) ;
#484=DIRECTION('Axis2P3D Direction',(0.,0.,1.)) ;
#500=DIRECTION('Axis2P3D Direction',(0.,0.,1.)) ;
#501=DIRECTION('Axis2P3D XDirection',(1.,0.,0.)) ;
#505=DIRECTION('Axis2P3D Direction',(0.,0.,1.)) ;
#514=DIRECTION('Axis2P3D Direction',(0.,0.,1.)) ;
#524=DIRECTION('Axis2P3D Direction',(0.,0.,1.)) ;
#525=DIRECTION('Axis2P3D XDirection',(1.,0.,0.)) ;
#529=DIRECTION('Axis2P3D Direction',(0.,0.,1.)) ;
#538=DIRECTION('Axis2P3D Direction',(0.,0.,1.)) ;
#573=DIRECTION('NONE',(1.,0.,0.)) ;
#574=DIRECTION('NONE',(0.,0.,1.)) ;
#575=DIRECTION('NONE',(-0.0826338617075,-0.996579974161,0.)) ;
#576=DIRECTION('NONE',(0.,0.,1.)) ;
#589=DIRECTION('Axis2P3D Direction',(0.,0.,1.)) ;
#590=DIRECTION('Axis2P3D XDirection',(1.,0.,0.)) ;
#594=DIRECTION('Vector Direction',(0.,0.,1.)) ;
#619=DIRECTION('Vector Direction',(0.,0.,1.)) ;
#644=DIRECTION('Axis2P3D Direction',(1.,0.,0.)) ;
#645=DIRECTION('Axis2P3D XDirection',(0.,1.,0.)) ;
#649=DIRECTION('Axis2P3D Direction',(1.,0.,0.)) ;
#658=DIRECTION('Vector Direction',(1.,0.,0.)) ;
#665=DIRECTION('Axis2P3D Direction',(1.,0.,0.)) ;
#672=DIRECTION('Vector Direction',(1.,0.,0.)) ;
#699=DIRECTION('Axis2P3D Direction',(1.,0.,0.)) ;
#704=DIRECTION('Axis2P3D Direction',(1.,0.,0.)) ;
#752=DIRECTION('Axis2P3D Direction',(1.,0.,0.)) ;
#753=DIRECTION('Axis2P3D XDirection',(0.,1.,0.)) ;
#757=DIRECTION('Axis2P3D Direction',(1.,0.,0.)) ;
#766=DIRECTION('Axis2P3D Direction',(1.,0.,0.)) ;
#780=DIRECTION('Axis2P3D Direction',(0.,0.,1.)) ;
#781=DIRECTION('Axis2P3D XDirection',(1.,0.,0.)) ;
#785=DIRECTION('Vector Direction',(0.,0.,1.)) ;
#805=DIRECTION('Vector Direction',(0.,0.,1.)) ;
#835=DIRECTION('Axis2P3D Direction',(1.,0.,0.)) ;
#836=DIRECTION('Axis2P3D XDirection',(0.,1.,0.)) ;
#840=DIRECTION('Vector Direction',(1.,0.,0.)) ;
#847=DIRECTION('Axis2P3D Direction',(1.,0.,0.)) ;
#854=DIRECTION('Vector Direction',(1.,0.,0.)) ;
#870=DIRECTION('Axis2P3D Direction',(1.,0.,0.)) ;
#871=DIRECTION('Axis2P3D XDirection',(0.,1.,0.)) ;
#875=DIRECTION('Axis2P3D Direction',(1.,0.,0.)) ;
#932=DIRECTION('NONE',(1.,0.,0.)) ;
#933=DIRECTION('NONE',(0.,0.,1.)) ;
#934=DIRECTION('NONE',(0.,0.,1.)) ;
#935=DIRECTION('NONE',(-1.,0.,0.)) ;
#948=DIRECTION('Axis2P3D Direction',(0.,-0.,1.)) ;
#949=DIRECTION('Axis2P3D XDirection',(0.87758256189,0.479425538604,0.)) ;
#953=DIRECTION('Vector Direction',(0.,0.,1.)) ;
#962=DIRECTION('Axis2P3D Direction',(0.,-0.,1.)) ;
#969=DIRECTION('Vector Direction',(0.,0.,1.)) ;
#976=DIRECTION('Axis2P3D Direction',(0.,-0.,1.)) ;
#988=DIRECTION('Axis2P3D Direction',(0.,0.,1.)) ;
#989=DIRECTION('Axis2P3D XDirection',(1.,0.,0.)) ;
#993=DIRECTION('Vector Direction',(-0.992082059841,-0.1255913474,0.)) ;
#1002=DIRECTION('Axis2P3D Direction',(0.,0.,1.)) ;
#1009=DIRECTION('Vector Direction',(-0.992082059841,0.1255913474,0.)) ;
#1016=DIRECTION('Vector Direction',(0.,-1.,0.)) ;
#1027=DIRECTION('Axis2P3D Direction',(0.,0.,1.)) ;
#1037=DIRECTION('Axis2P3D Direction',(0.1255913474,-0.992082059841,0.)) ;
#1038=DIRECTION('Axis2P3D XDirection',(-0.992082059841,-0.1255913474,-0.)) ;
#1042=DIRECTION('Vector Direction',(0.,0.,1.)) ;
#1049=DIRECTION('Vector Direction',(-0.992082059841,-0.1255913474,0.)) ;
#1056=DIRECTION('Vector Direction',(0.,0.,1.)) ;
#1068=DIRECTION('Axis2P3D Direction',(0.,-0.,1.)) ;
#1069=DIRECTION('Axis2P3D XDirection',(-0.1255913474,0.992082059841,0.)) ;
#1073=DIRECTION('Axis2P3D Direction',(0.,-0.,1.)) ;
#1080=DIRECTION('Vector Direction',(0.,0.,1.)) ;
#1092=DIRECTION('Axis2P3D Direction',(-0.1255913474,-0.992082059841,-0.)) ;
#1093=DIRECTION('Axis2P3D XDirection',(-0.992082059841,0.1255913474,0.)) ;
#1097=DIRECTION('Vector Direction',(-0.992082059841,0.1255913474,0.)) ;
#1104=DIRECTION('Vector Direction',(0.,0.,1.)) ;
#1116=DIRECTION('Axis2P3D Direction',(0.,-0.,1.)) ;
#1117=DIRECTION('Axis2P3D XDirection',(1.,0.,0.)) ;
#1121=DIRECTION('Vector Direction',(0.,-1.,0.)) ;
#1130=DIRECTION('Vector Direction',(-0.992082059841,0.1255913474,0.)) ;
#1137=DIRECTION('Axis2P3D Direction',(0.,-0.,1.)) ;
#1144=DIRECTION('Vector Direction',(-0.992082059841,-0.1255913474,0.)) ;
#1155=DIRECTION('Axis2P3D Direction',(0.,-0.,1.)) ;
#1164=DIRECTION('Axis2P3D Direction',(0.,-0.,1.)) ;
#1174=DIRECTION('Vector Direction',(0.,0.,1.)) ;
#1181=DIRECTION('Axis2P3D Direction',(0.,-0.,1.)) ;
#1188=DIRECTION('Vector Direction',(0.,0.,1.)) ;
#1200=DIRECTION('Axis2P3D Direction',(0.,-0.,1.)) ;
#1212=DIRECTION('Axis2P3D Direction',(1.,0.,0.)) ;
#1213=DIRECTION('Axis2P3D XDirection',(0.,1.,0.)) ;
#1217=DIRECTION('Vector Direction',(1.,0.,0.)) ;
#1226=DIRECTION('Axis2P3D Direction',(1.,0.,0.)) ;
#1233=DIRECTION('Vector Direction',(1.,0.,0.)) ;
#1240=DIRECTION('Axis2P3D Direction',(1.,0.,0.)) ;
#1252=DIRECTION('Axis2P3D Direction',(1.,0.,0.)) ;
#1257=DIRECTION('Axis2P3D Direction',(1.,0.,0.)) ;
#1269=DIRECTION('Axis2P3D Direction',(1.,0.,0.)) ;
#1270=DIRECTION('Axis2P3D XDirection',(0.,1.,0.)) ;
#1274=DIRECTION('Vector Direction',(0.,0.,-1.)) ;
#1281=DIRECTION('Vector Direction',(0.,1.,0.)) ;
#1288=DIRECTION('Vector Direction',(0.,0.,1.)) ;
#1300=DIRECTION('Vector Direction',(0.,0.,1.)) ;
#1307=DIRECTION('Vector Direction',(0.,-1.,0.)) ;
#1314=DIRECTION('Vector Direction',(0.,0.,-1.)) ;
#1326=DIRECTION('Axis2P3D Direction',(0.,0.,-1.)) ;
#1327=DIRECTION('Axis2P3D XDirection',(0.,1.,0.)) ;
#1331=DIRECTION('Vector Direction',(-0.992082059841,-0.1255913474,0.)) ;
#1340=DIRECTION('Axis2P3D Direction',(0.,0.,-1.)) ;
#1347=DIRECTION('Vector Direction',(-0.992082059841,0.1255913474,0.)) ;
#1354=DIRECTION('Vector Direction',(1.,0.,0.)) ;
#1359=DIRECTION('Vector Direction',(1.,0.,0.)) ;
#1377=DIRECTION('Vector Direction',(0.,0.,-1.)) ;
#1382=DIRECTION('Vector Direction',(0.,0.,-1.)) ;
#1394=DIRECTION('Vector Direction',(0.,0.,1.)) ;
#1406=DIRECTION('Vector Direction',(0.,0.,-1.)) ;
#1418=DIRECTION('Axis2P3D Direction',(-1.,0.,-0.)) ;
#1419=DIRECTION('Axis2P3D XDirection',(0.,0.87758256189,-0.479425538604)) ;
#1423=DIRECTION('Axis2P3D Direction',(-1.,0.,-0.)) ;
#1432=DIRECTION('Vector Direction',(-1.,0.,0.)) ;
#1439=DIRECTION('Axis2P3D Direction',(-1.,0.,-0.)) ;
#1446=DIRECTION('Vector Direction',(-1.,0.,0.)) ;
#1458=DIRECTION('Axis2P3D Direction',(0.,1.,0.)) ;
#1459=DIRECTION('Axis2P3D XDirection',(0.,0.,1.)) ;
#1463=DIRECTION('Vector Direction',(0.,0.,1.)) ;
#1468=DIRECTION('Vector Direction',(1.,0.,0.)) ;
#1483=DIRECTION('Axis2P3D Direction',(0.,-1.,0.)) ;
#1484=DIRECTION('Axis2P3D XDirection',(0.,0.,-1.)) ;
#1488=DIRECTION('Vector Direction',(1.,0.,0.)) ;
#1493=DIRECTION('Vector Direction',(0.,0.,-1.)) ;
#1508=DIRECTION('Axis2P3D Direction',(-0.,0.,1.)) ;
#1509=DIRECTION('Axis2P3D XDirection',(0.,-1.,0.)) ;
#1521=DIRECTION('Axis2P3D Direction',(-0.,0.,1.)) ;
#1538=DIRECTION('Vector Direction',(-1.,0.,0.)) ;
#1547=DIRECTION('Axis2P3D Direction',(-1.,0.,-0.)) ;
#1552=DIRECTION('Axis2P3D Direction',(-1.,0.,-0.)) ;
#1564=DIRECTION('Vector Direction',(-1.,0.,0.)) ;
#1573=DIRECTION('Axis2P3D Direction',(-1.,0.,-0.)) ;
#1578=DIRECTION('Axis2P3D Direction',(-1.,0.,-0.)) ;
#1590=DIRECTION('Axis2P3D Direction',(1.,0.,0.)) ;
#1591=DIRECTION('Axis2P3D XDirection',(0.,1.,0.)) ;
#1599=DIRECTION('Vector Direction',(0.,0.,1.)) ;
#1606=DIRECTION('Vector Direction',(0.,1.,0.)) ;
#1613=DIRECTION('Vector Direction',(0.,0.,-1.)) ;
#1627=DIRECTION('Axis2P3D Direction',(1.,0.,0.)) ;
#1628=DIRECTION('Axis2P3D XDirection',(0.,1.,0.)) ;
#1638=DIRECTION('Vector Direction',(0.,0.,-1.)) ;
#1645=DIRECTION('Vector Direction',(0.,1.,0.)) ;
#1652=DIRECTION('Vector Direction',(0.,0.,1.)) ;
#1666=DIRECTION('Axis2P3D Direction',(0.,-0.,1.)) ;
#1667=DIRECTION('Axis2P3D XDirection',(0.,1.,0.)) ;
#1671=DIRECTION('Vector Direction',(-1.,0.,0.)) ;
#1676=DIRECTION('Vector Direction',(-1.,0.,0.)) ;
#1688=DIRECTION('Axis2P3D Direction',(0.,-1.,0.)) ;
#1689=DIRECTION('Axis2P3D XDirection',(0.,0.,1.)) ;
#1700=DIRECTION('Axis2P3D Direction',(0.,1.,0.)) ;
#1701=DIRECTION('Axis2P3D XDirection',(0.,0.,-1.)) ;
#1723=DIRECTION('NONE',(1.,0.,0.)) ;
#1724=DIRECTION('NONE',(0.,0.,1.)) ;
#1725=DIRECTION('NONE',(-0.98723663212,0.0818591356904,0.136612276552)) ;
#1726=DIRECTION('NONE',(-0.0826338617075,-0.996579974161,-1.38777878078E-017)) ;
#1739=DIRECTION('Axis2P3D Direction',(0.,0.,1.)) ;
#1740=DIRECTION('Axis2P3D XDirection',(1.,0.,0.)) ;
#1744=DIRECTION('Axis2P3D Direction',(0.,0.,1.)) ;
#1753=DIRECTION('Axis2P3D Direction',(0.,0.,1.)) ;
#1763=DIRECTION('Axis2P3D Direction',(0.,0.,1.)) ;
#1764=DIRECTION('Axis2P3D XDirection',(1.,0.,0.)) ;
#1768=DIRECTION('Axis2P3D Direction',(0.,0.,1.)) ;
#1777=DIRECTION('Axis2P3D Direction',(0.,0.,1.)) ;
#1786=DIRECTION('Axis2P3D Direction',(0.,0.,1.)) ;
#1795=DIRECTION('Axis2P3D Direction',(0.,0.,1.)) ;
#1805=DIRECTION('Axis2P3D Direction',(0.,0.,1.)) ;
#1806=DIRECTION('Axis2P3D XDirection',(1.,0.,0.)) ;
#1810=DIRECTION('Axis2P3D Direction',(0.,0.,1.)) ;
#1819=DIRECTION('Axis2P3D Direction',(0.,0.,1.)) ;
#1829=DIRECTION('Axis2P3D Direction',(0.,0.,1.)) ;
#1830=DIRECTION('Axis2P3D XDirection',(1.,0.,0.)) ;
#1834=DIRECTION('Vector Direction',(0.,0.,1.)) ;
#1839=DIRECTION('Vector Direction',(0.,0.,1.)) ;
#1858=DIRECTION('Axis2P3D Direction',(0.,0.,1.)) ;
#1859=DIRECTION('Axis2P3D XDirection',(1.,0.,0.)) ;
#1863=DIRECTION('Vector Direction',(0.,0.,1.)) ;
#1868=DIRECTION('Vector Direction',(0.,0.,1.)) ;
#1926=DIRECTION('Axis2P3D Direction',(0.,1.,0.)) ;
#1927=DIRECTION('Axis2P3D XDirection',(-1.,0.,0.)) ;
#1931=DIRECTION('Vector Direction',(0.,1.,0.)) ;
#1938=DIRECTION('Axis2P3D Direction',(0.,1.,0.)) ;
#1945=DIRECTION('Vector Direction',(0.,1.,0.)) ;
#1958=DIRECTION('Axis2P3D Direction',(0.,1.,0.)) ;
#2024=DIRECTION('Axis2P3D Direction',(0.,1.,0.)) ;
#2025=DIRECTION('Axis2P3D XDirection',(-1.,0.,0.)) ;
#2029=DIRECTION('Axis2P3D Direction',(0.,1.,0.)) ;
#2038=DIRECTION('Axis2P3D Direction',(0.,1.,0.)) ;
#2052=DIRECTION('Axis2P3D Direction',(0.,1.,0.)) ;
#2053=DIRECTION('Axis2P3D XDirection',(-1.,0.,0.)) ;
#2057=DIRECTION('Vector Direction',(0.,1.,0.)) ;
#2062=DIRECTION('Vector Direction',(0.,1.,0.)) ;
#2094=DIRECTION('NONE',(1.,0.,0.)) ;
#2095=DIRECTION('NONE',(0.,0.,1.)) ;
#2096=DIRECTION('NONE',(-0.962321110138,0.079793204354,0.259944466227)) ;
#2097=DIRECTION('NONE',(0.0826338617075,0.996579974161,1.23326776183E-017)) ;
#2110=DIRECTION('Axis2P3D Direction',(0.,1.,0.)) ;
#2111=DIRECTION('Axis2P3D XDirection',(0.479425538604,0.,0.87758256189)) ;
#2115=DIRECTION('Axis2P3D Direction',(0.,1.,0.)) ;
#2124=DIRECTION('Vector Direction',(0.00399507410626,0.999965279586,0.00731293409884)) ;
#2131=DIRECTION('Axis2P3D Direction',(0.,1.,0.)) ;
#2138=DIRECTION('Vector Direction',(-0.00399507410626,0.999965279586,-0.00731293409884)) ;
#2150=DIRECTION('Axis2P3D Direction',(0.,1.,0.)) ;
#2155=DIRECTION('Axis2P3D Direction',(0.,1.,0.)) ;
#2167=DIRECTION('Axis2P3D Direction',(0.,1.,0.)) ;
#2168=DIRECTION('Axis2P3D XDirection',(1.,-0.,0.)) ;
#2177=DIRECTION('Axis2P3D Direction',(0.,1.,0.)) ;
#2178=DIRECTION('Axis2P3D XDirection',(1.,-0.,0.)) ;
#2198=DIRECTION('NONE',(1.,0.,0.)) ;
#2199=DIRECTION('NONE',(0.,0.,1.)) ;
#2200=DIRECTION('NONE',(0.,1.,0.)) ;
#2201=DIRECTION('NONE',(0.,0.,1.)) ;
#2213=DIRECTION('NONE',(1.,0.,0.)) ;
#2214=DIRECTION('NONE',(0.,0.,1.)) ;
#2215=DIRECTION('NONE',(1.,0.,0.)) ;
#2216=DIRECTION('NONE',(0.,0.,1.)) ;
#2228=DIRECTION('NONE',(1.,0.,0.)) ;
#2229=DIRECTION('NONE',(0.,0.,1.)) ;
#2230=DIRECTION('NONE',(0.958847799408,0.125990981426,-0.254435001857)) ;
#2231=DIRECTION('NONE',(0.116194542419,-0.991798806694,-0.0532349072727)) ;
#2243=DIRECTION('NONE',(1.,0.,0.)) ;
#2244=DIRECTION('NONE',(0.,0.,1.)) ;
#2245=DIRECTION('NONE',(0.,-1.,0.)) ;
#2246=DIRECTION('NONE',(0.,0.,1.)) ;
#2258=DIRECTION('NONE',(1.,0.,0.)) ;
#2259=DIRECTION('NONE',(0.,0.,1.)) ;
#2260=DIRECTION('NONE',(-0.0826338617075,-0.996579974161,6.00366990901E-017)) ;
#2261=DIRECTION('NONE',(-0.259055449436,0.0214802150739,-0.96562356769)) ;
#66=AXIS2_PLACEMENT_3D('Cylinder Axis2P3D',#63,#64,#65) ;
#126=AXIS2_PLACEMENT_3D('Plane Axis2P3D',#123,#124,#125) ;
#130=AXIS2_PLACEMENT_3D('Circle Axis2P3D',#128,#129,$) ;
#139=AXIS2_PLACEMENT_3D('Circle Axis2P3D',#137,#138,$) ;
#148=AXIS2_PLACEMENT_3D('Circle Axis2P3D',#146,#147,$) ;
#157=AXIS2_PLACEMENT_3D('Circle Axis2P3D',#155,#156,$) ;
#168=AXIS2_PLACEMENT_3D('Cylinder Axis2P3D',#165,#166,#167) ;
#186=AXIS2_PLACEMENT_3D('Circle Axis2P3D',#184,#185,$) ;
#238=AXIS2_PLACEMENT_3D('Circle Axis2P3D',#236,#237,$) ;
#282=AXIS2_PLACEMENT_3D('Cylinder Axis2P3D',#279,#280,#281) ;
#298=AXIS2_PLACEMENT_3D('Circle Axis2P3D',#296,#297,$) ;
#319=AXIS2_PLACEMENT_3D('Circle Axis2P3D',#317,#318,$) ;
#334=AXIS2_PLACEMENT_3D('Plane Axis2P3D',#331,#332,#333) ;
#419=AXIS2_PLACEMENT_3D('Cylinder Axis2P3D',#416,#417,#418) ;
#423=AXIS2_PLACEMENT_3D('Circle Axis2P3D',#421,#422,$) ;
#439=AXIS2_PLACEMENT_3D('Circle Axis2P3D',#437,#438,$) ;
#471=AXIS2_PLACEMENT_3D('Circle Axis2P3D',#469,#470,$) ;
#485=AXIS2_PLACEMENT_3D('Circle Axis2P3D',#483,#484,$) ;
#502=AXIS2_PLACEMENT_3D('Plane Axis2P3D',#499,#500,#501) ;
#506=AXIS2_PLACEMENT_3D('Circle Axis2P3D',#504,#505,$) ;
#515=AXIS2_PLACEMENT_3D('Circle Axis2P3D',#513,#514,$) ;
#526=AXIS2_PLACEMENT_3D('Plane Axis2P3D',#523,#524,#525) ;
#530=AXIS2_PLACEMENT_3D('Circle Axis2P3D',#528,#529,$) ;
#539=AXIS2_PLACEMENT_3D('Circle Axis2P3D',#537,#538,$) ;
#569=AXIS2_PLACEMENT_3D(' ',#572,#576,#575) ;
#570=AXIS2_PLACEMENT_3D(' ',#571,#574,#573) ;
#591=AXIS2_PLACEMENT_3D('Cylinder Axis2P3D',#588,#589,#590) ;
#646=AXIS2_PLACEMENT_3D('Cylinder Axis2P3D',#643,#644,#645) ;
#650=AXIS2_PLACEMENT_3D('Circle Axis2P3D',#648,#649,$) ;
#666=AXIS2_PLACEMENT_3D('Circle Axis2P3D',#664,#665,$) ;
#700=AXIS2_PLACEMENT_3D('Circle Axis2P3D',#698,#699,$) ;
#705=AXIS2_PLACEMENT_3D('Circle Axis2P3D',#703,#704,$) ;
#754=AXIS2_PLACEMENT_3D('Plane Axis2P3D',#751,#752,#753) ;
#758=AXIS2_PLACEMENT_3D('Circle Axis2P3D',#756,#757,$) ;
#767=AXIS2_PLACEMENT_3D('Circle Axis2P3D',#765,#766,$) ;
#782=AXIS2_PLACEMENT_3D('Cylinder Axis2P3D',#779,#780,#781) ;
#837=AXIS2_PLACEMENT_3D('Cylinder Axis2P3D',#834,#835,#836) ;
#848=AXIS2_PLACEMENT_3D('Circle Axis2P3D',#846,#847,$) ;
#872=AXIS2_PLACEMENT_3D('Plane Axis2P3D',#869,#870,#871) ;
#876=AXIS2_PLACEMENT_3D('Circle Axis2P3D',#874,#875,$) ;
#928=AXIS2_PLACEMENT_3D(' ',#931,#935,#934) ;
#929=AXIS2_PLACEMENT_3D(' ',#930,#933,#932) ;
#950=AXIS2_PLACEMENT_3D('Cylinder Axis2P3D',#947,#948,#949) ;
#963=AXIS2_PLACEMENT_3D('Circle Axis2P3D',#961,#962,$) ;
#977=AXIS2_PLACEMENT_3D('Circle Axis2P3D',#975,#976,$) ;
#990=AXIS2_PLACEMENT_3D('Plane Axis2P3D',#987,#988,#989) ;
#1003=AXIS2_PLACEMENT_3D('Circle Axis2P3D',#1001,#1002,$) ;
#1028=AXIS2_PLACEMENT_3D('Circle Axis2P3D',#1026,#1027,$) ;
#1039=AXIS2_PLACEMENT_3D('Plane Axis2P3D',#1036,#1037,#1038) ;
#1070=AXIS2_PLACEMENT_3D('Cylinder Axis2P3D',#1067,#1068,#1069) ;
#1074=AXIS2_PLACEMENT_3D('Circle Axis2P3D',#1072,#1073,$) ;
#1094=AXIS2_PLACEMENT_3D('Plane Axis2P3D',#1091,#1092,#1093) ;
#1118=AXIS2_PLACEMENT_3D('Plane Axis2P3D',#1115,#1116,#1117) ;
#1138=AXIS2_PLACEMENT_3D('Circle Axis2P3D',#1136,#1137,$) ;
#1156=AXIS2_PLACEMENT_3D('Circle Axis2P3D',#1154,#1155,$) ;
#1165=AXIS2_PLACEMENT_3D('Circle Axis2P3D',#1163,#1164,$) ;
#1182=AXIS2_PLACEMENT_3D('Circle Axis2P3D',#1180,#1181,$) ;
#1201=AXIS2_PLACEMENT_3D('Circle Axis2P3D',#1199,#1200,$) ;
#1214=AXIS2_PLACEMENT_3D('Cylinder Axis2P3D',#1211,#1212,#1213) ;
#1227=AXIS2_PLACEMENT_3D('Circle Axis2P3D',#1225,#1226,$) ;
#1241=AXIS2_PLACEMENT_3D('Circle Axis2P3D',#1239,#1240,$) ;
#1253=AXIS2_PLACEMENT_3D('Circle Axis2P3D',#1251,#1252,$) ;
#1258=AXIS2_PLACEMENT_3D('Circle Axis2P3D',#1256,#1257,$) ;
#1271=AXIS2_PLACEMENT_3D('Plane Axis2P3D',#1268,#1269,#1270) ;
#1328=AXIS2_PLACEMENT_3D('Plane Axis2P3D',#1325,#1326,#1327) ;
#1341=AXIS2_PLACEMENT_3D('Circle Axis2P3D',#1339,#1340,$) ;
#1420=AXIS2_PLACEMENT_3D('Cylinder Axis2P3D',#1417,#1418,#1419) ;
#1424=AXIS2_PLACEMENT_3D('Circle Axis2P3D',#1422,#1423,$) ;
#1440=AXIS2_PLACEMENT_3D('Circle Axis2P3D',#1438,#1439,$) ;
#1460=AXIS2_PLACEMENT_3D('Plane Axis2P3D',#1457,#1458,#1459) ;
#1485=AXIS2_PLACEMENT_3D('Plane Axis2P3D',#1482,#1483,#1484) ;
#1510=AXIS2_PLACEMENT_3D('Plane Axis2P3D',#1507,#1508,#1509) ;
#1522=AXIS2_PLACEMENT_3D('Circle Axis2P3D',#1520,#1521,$) ;
#1548=AXIS2_PLACEMENT_3D('Circle Axis2P3D',#1546,#1547,$) ;
#1553=AXIS2_PLACEMENT_3D('Circle Axis2P3D',#1551,#1552,$) ;
#1574=AXIS2_PLACEMENT_3D('Circle Axis2P3D',#1572,#1573,$) ;
#1579=AXIS2_PLACEMENT_3D('Circle Axis2P3D',#1577,#1578,$) ;
#1592=AXIS2_PLACEMENT_3D('Plane Axis2P3D',#1589,#1590,#1591) ;
#1629=AXIS2_PLACEMENT_3D('Plane Axis2P3D',#1626,#1627,#1628) ;
#1668=AXIS2_PLACEMENT_3D('Plane Axis2P3D',#1665,#1666,#1667) ;
#1690=AXIS2_PLACEMENT_3D('Plane Axis2P3D',#1687,#1688,#1689) ;
#1702=AXIS2_PLACEMENT_3D('Plane Axis2P3D',#1699,#1700,#1701) ;
#1719=AXIS2_PLACEMENT_3D(' ',#1722,#1726,#1725) ;
#1720=AXIS2_PLACEMENT_3D(' ',#1721,#1724,#1723) ;
#1741=AXIS2_PLACEMENT_3D('Plane Axis2P3D',#1738,#1739,#1740) ;
#1745=AXIS2_PLACEMENT_3D('Circle Axis2P3D',#1743,#1744,$) ;
#1754=AXIS2_PLACEMENT_3D('Circle Axis2P3D',#1752,#1753,$) ;
#1765=AXIS2_PLACEMENT_3D('Plane Axis2P3D',#1762,#1763,#1764) ;
#1769=AXIS2_PLACEMENT_3D('Circle Axis2P3D',#1767,#1768,$) ;
#1778=AXIS2_PLACEMENT_3D('Circle Axis2P3D',#1776,#1777,$) ;
#1787=AXIS2_PLACEMENT_3D('Circle Axis2P3D',#1785,#1786,$) ;
#1796=AXIS2_PLACEMENT_3D('Circle Axis2P3D',#1794,#1795,$) ;
#1807=AXIS2_PLACEMENT_3D('Plane Axis2P3D',#1804,#1805,#1806) ;
#1811=AXIS2_PLACEMENT_3D('Circle Axis2P3D',#1809,#1810,$) ;
#1820=AXIS2_PLACEMENT_3D('Circle Axis2P3D',#1818,#1819,$) ;
#1831=AXIS2_PLACEMENT_3D('Cylinder Axis2P3D',#1828,#1829,#1830) ;
#1860=AXIS2_PLACEMENT_3D('Cylinder Axis2P3D',#1857,#1858,#1859) ;
#1928=AXIS2_PLACEMENT_3D('Cylinder Axis2P3D',#1925,#1926,#1927) ;
#1939=AXIS2_PLACEMENT_3D('Circle Axis2P3D',#1937,#1938,$) ;
#1959=AXIS2_PLACEMENT_3D('Circle Axis2P3D',#1957,#1958,$) ;
#2026=AXIS2_PLACEMENT_3D('Plane Axis2P3D',#2023,#2024,#2025) ;
#2030=AXIS2_PLACEMENT_3D('Circle Axis2P3D',#2028,#2029,$) ;
#2039=AXIS2_PLACEMENT_3D('Circle Axis2P3D',#2037,#2038,$) ;
#2054=AXIS2_PLACEMENT_3D('Cylinder Axis2P3D',#2051,#2052,#2053) ;
#2090=AXIS2_PLACEMENT_3D(' ',#2093,#2097,#2096) ;
#2091=AXIS2_PLACEMENT_3D(' ',#2092,#2095,#2094) ;
#2112=AXIS2_PLACEMENT_3D('Cone Axis2P3D',#2109,#2110,#2111) ;
#2116=AXIS2_PLACEMENT_3D('Circle Axis2P3D',#2114,#2115,$) ;
#2132=AXIS2_PLACEMENT_3D('Circle Axis2P3D',#2130,#2131,$) ;
#2151=AXIS2_PLACEMENT_3D('Circle Axis2P3D',#2149,#2150,$) ;
#2156=AXIS2_PLACEMENT_3D('Circle Axis2P3D',#2154,#2155,$) ;
#2169=AXIS2_PLACEMENT_3D('Plane Axis2P3D',#2166,#2167,#2168) ;
#2179=AXIS2_PLACEMENT_3D('Plane Axis2P3D',#2176,#2177,#2178) ;
#2194=AXIS2_PLACEMENT_3D(' ',#2197,#2201,#2200) ;
#2195=AXIS2_PLACEMENT_3D(' ',#2196,#2199,#2198) ;
#2209=AXIS2_PLACEMENT_3D(' ',#2212,#2216,#2215) ;
#2210=AXIS2_PLACEMENT_3D(' ',#2211,#2214,#2213) ;
#2224=AXIS2_PLACEMENT_3D(' ',#2227,#2231,#2230) ;
#2225=AXIS2_PLACEMENT_3D(' ',#2226,#2229,#2228) ;
#2239=AXIS2_PLACEMENT_3D(' ',#2242,#2246,#2245) ;
#2240=AXIS2_PLACEMENT_3D(' ',#2241,#2244,#2243) ;
#2254=AXIS2_PLACEMENT_3D(' ',#2257,#2261,#2260) ;
#2255=AXIS2_PLACEMENT_3D(' ',#2256,#2259,#2258) ;
#45=PRODUCT_DEFINITION_SHAPE(' ',' ',#17) ;
#61=PRODUCT_DEFINITION_SHAPE(' ',' ',#58) ;
#565=PRODUCT_DEFINITION_SHAPE(' ',' ',#564) ;
#586=PRODUCT_DEFINITION_SHAPE(' ',' ',#583) ;
#924=PRODUCT_DEFINITION_SHAPE(' ',' ',#923) ;
#945=PRODUCT_DEFINITION_SHAPE(' ',' ',#942) ;
#1715=PRODUCT_DEFINITION_SHAPE(' ',' ',#1714) ;
#1736=PRODUCT_DEFINITION_SHAPE(' ',' ',#1733) ;
#2086=PRODUCT_DEFINITION_SHAPE(' ',' ',#2085) ;
#2107=PRODUCT_DEFINITION_SHAPE(' ',' ',#2104) ;
#2190=PRODUCT_DEFINITION_SHAPE(' ',' ',#2189) ;
#2205=PRODUCT_DEFINITION_SHAPE(' ',' ',#2204) ;
#2220=PRODUCT_DEFINITION_SHAPE(' ',' ',#2219) ;
#2235=PRODUCT_DEFINITION_SHAPE(' ',' ',#2234) ;
#2250=PRODUCT_DEFINITION_SHAPE(' ',' ',#2249) ;
#34=APPROVAL_PERSON_ORGANIZATION(#28,#24,#22) ;
#28=PERSON_AND_ORGANIZATION(#25,#26) ;
#25=PERSON(' ',' ',' ',$,$,$) ;
#26=ORGANIZATION(' ',' ',' ') ;
#24=APPROVAL(#23,' ') ;
#23=APPROVAL_STATUS('not_yet_approved') ;
#22=APPROVAL_ROLE('APPROVER') ;
#13=DATE_AND_TIME(#11,#12) ;
#12=LOCAL_TIME(11,32,27.,#10) ;
#10=COORDINATED_UNIVERSAL_TIME_OFFSET(0,0,.AHEAD.) ;
#119=ORIENTED_EDGE('',*,*,#94,.F.) ;
#120=ORIENTED_EDGE('',*,*,#117,.T.) ;
#143=ORIENTED_EDGE('',*,*,#136,.F.) ;
#144=ORIENTED_EDGE('',*,*,#141,.F.) ;
#161=ORIENTED_EDGE('',*,*,#154,.T.) ;
#162=ORIENTED_EDGE('',*,*,#159,.T.) ;
#228=ORIENTED_EDGE('',*,*,#176,.F.) ;
#229=ORIENTED_EDGE('',*,*,#141,.T.) ;
#230=ORIENTED_EDGE('',*,*,#183,.T.) ;
#231=ORIENTED_EDGE('',*,*,#190,.F.) ;
#232=ORIENTED_EDGE('',*,*,#197,.F.) ;
#233=ORIENTED_EDGE('',*,*,#226,.F.) ;
#271=ORIENTED_EDGE('',*,*,#197,.T.) ;
#272=ORIENTED_EDGE('',*,*,#240,.F.) ;
#273=ORIENTED_EDGE('',*,*,#183,.F.) ;
#274=ORIENTED_EDGE('',*,*,#136,.T.) ;
#275=ORIENTED_EDGE('',*,*,#176,.T.) ;
#276=ORIENTED_EDGE('',*,*,#269,.T.) ;
#309=ORIENTED_EDGE('',*,*,#94,.T.) ;
#310=ORIENTED_EDGE('',*,*,#288,.F.) ;
#311=ORIENTED_EDGE('',*,*,#159,.F.) ;
#312=ORIENTED_EDGE('',*,*,#295,.T.) ;
#313=ORIENTED_EDGE('',*,*,#302,.T.) ;
#314=ORIENTED_EDGE('',*,*,#307,.F.) ;
#323=ORIENTED_EDGE('',*,*,#117,.F.) ;
#324=ORIENTED_EDGE('',*,*,#307,.T.) ;
#325=ORIENTED_EDGE('',*,*,#321,.T.) ;
#326=ORIENTED_EDGE('',*,*,#295,.F.) ;
#327=ORIENTED_EDGE('',*,*,#154,.F.) ;
#328=ORIENTED_EDGE('',*,*,#288,.T.) ;
#337=ORIENTED_EDGE('',*,*,#190,.T.) ;
#338=ORIENTED_EDGE('',*,*,#240,.T.) ;
#341=ORIENTED_EDGE('',*,*,#302,.F.) ;
#342=ORIENTED_EDGE('',*,*,#321,.F.) ;
#381=ORIENTED_EDGE('',*,*,#353,.T.) ;
#382=ORIENTED_EDGE('',*,*,#379,.F.) ;
#412=ORIENTED_EDGE('',*,*,#353,.F.) ;
#413=ORIENTED_EDGE('',*,*,#410,.T.) ;
#450=ORIENTED_EDGE('',*,*,#429,.T.) ;
#451=ORIENTED_EDGE('',*,*,#436,.F.) ;
#452=ORIENTED_EDGE('',*,*,#443,.F.) ;
#453=ORIENTED_EDGE('',*,*,#448,.T.) ;
#456=ORIENTED_EDGE('',*,*,#410,.F.) ;
#457=ORIENTED_EDGE('',*,*,#379,.T.) ;
#489=ORIENTED_EDGE('',*,*,#468,.F.) ;
#490=ORIENTED_EDGE('',*,*,#475,.T.) ;
#491=ORIENTED_EDGE('',*,*,#482,.T.) ;
#492=ORIENTED_EDGE('',*,*,#487,.F.) ;
#495=ORIENTED_EDGE('',*,*,#269,.F.) ;
#496=ORIENTED_EDGE('',*,*,#226,.T.) ;
#510=ORIENTED_EDGE('',*,*,#508,.T.) ;
#511=ORIENTED_EDGE('',*,*,#487,.T.) ;
#519=ORIENTED_EDGE('',*,*,#429,.F.) ;
#520=ORIENTED_EDGE('',*,*,#517,.F.) ;
#534=ORIENTED_EDGE('',*,*,#475,.F.) ;
#535=ORIENTED_EDGE('',*,*,#532,.F.) ;
#543=ORIENTED_EDGE('',*,*,#541,.T.) ;
#544=ORIENTED_EDGE('',*,*,#443,.T.) ;
#548=ORIENTED_EDGE('',*,*,#517,.T.) ;
#549=ORIENTED_EDGE('',*,*,#448,.F.) ;
#550=ORIENTED_EDGE('',*,*,#541,.F.) ;
#551=ORIENTED_EDGE('',*,*,#436,.T.) ;
#555=ORIENTED_EDGE('',*,*,#482,.F.) ;
#556=ORIENTED_EDGE('',*,*,#532,.T.) ;
#557=ORIENTED_EDGE('',*,*,#468,.T.) ;
#558=ORIENTED_EDGE('',*,*,#508,.F.) ;
#637=ORIENTED_EDGE('',*,*,#601,.T.) ;
#638=ORIENTED_EDGE('',*,*,#617,.F.) ;
#639=ORIENTED_EDGE('',*,*,#624,.F.) ;
#640=ORIENTED_EDGE('',*,*,#635,.T.) ;
#677=ORIENTED_EDGE('',*,*,#656,.T.) ;
#678=ORIENTED_EDGE('',*,*,#663,.F.) ;
#679=ORIENTED_EDGE('',*,*,#670,.F.) ;
#680=ORIENTED_EDGE('',*,*,#675,.T.) ;
#694=ORIENTED_EDGE('',*,*,#692,.F.) ;
#695=ORIENTED_EDGE('',*,*,#635,.F.) ;
#709=ORIENTED_EDGE('',*,*,#702,.T.) ;
#710=ORIENTED_EDGE('',*,*,#675,.F.) ;
#711=ORIENTED_EDGE('',*,*,#707,.F.) ;
#712=ORIENTED_EDGE('',*,*,#663,.T.) ;
#747=ORIENTED_EDGE('',*,*,#731,.T.) ;
#748=ORIENTED_EDGE('',*,*,#745,.T.) ;
#771=ORIENTED_EDGE('',*,*,#764,.T.) ;
#772=ORIENTED_EDGE('',*,*,#769,.T.) ;
#775=ORIENTED_EDGE('',*,*,#656,.F.) ;
#776=ORIENTED_EDGE('',*,*,#702,.F.) ;
#810=ORIENTED_EDGE('',*,*,#790,.T.) ;
#811=ORIENTED_EDGE('',*,*,#803,.T.) ;
#812=ORIENTED_EDGE('',*,*,#808,.F.) ;
#813=ORIENTED_EDGE('',*,*,#745,.F.) ;
#828=ORIENTED_EDGE('',*,*,#808,.T.) ;
#829=ORIENTED_EDGE('',*,*,#826,.T.) ;
#830=ORIENTED_EDGE('',*,*,#790,.F.) ;
#831=ORIENTED_EDGE('',*,*,#731,.F.) ;
#859=ORIENTED_EDGE('',*,*,#845,.F.) ;
#860=ORIENTED_EDGE('',*,*,#852,.T.) ;
#861=ORIENTED_EDGE('',*,*,#857,.T.) ;
#862=ORIENTED_EDGE('',*,*,#764,.F.) ;
#865=ORIENTED_EDGE('',*,*,#803,.F.) ;
#866=ORIENTED_EDGE('',*,*,#826,.F.) ;
#880=ORIENTED_EDGE('',*,*,#878,.F.) ;
#881=ORIENTED_EDGE('',*,*,#852,.F.) ;
#884=ORIENTED_EDGE('',*,*,#707,.T.) ;
#885=ORIENTED_EDGE('',*,*,#670,.T.) ;
#889=ORIENTED_EDGE('',*,*,#857,.F.) ;
#890=ORIENTED_EDGE('',*,*,#878,.T.) ;
#891=ORIENTED_EDGE('',*,*,#845,.T.) ;
#892=ORIENTED_EDGE('',*,*,#769,.F.) ;
#909=ORIENTED_EDGE('',*,*,#617,.T.) ;
#910=ORIENTED_EDGE('',*,*,#907,.T.) ;
#914=ORIENTED_EDGE('',*,*,#624,.T.) ;
#915=ORIENTED_EDGE('',*,*,#907,.F.) ;
#916=ORIENTED_EDGE('',*,*,#601,.F.) ;
#917=ORIENTED_EDGE('',*,*,#692,.T.) ;
#981=ORIENTED_EDGE('',*,*,#960,.T.) ;
#982=ORIENTED_EDGE('',*,*,#967,.F.) ;
#983=ORIENTED_EDGE('',*,*,#974,.F.) ;
#984=ORIENTED_EDGE('',*,*,#979,.T.) ;
#1021=ORIENTED_EDGE('',*,*,#1000,.T.) ;
#1022=ORIENTED_EDGE('',*,*,#1007,.T.) ;
#1023=ORIENTED_EDGE('',*,*,#1014,.T.) ;
#1024=ORIENTED_EDGE('',*,*,#1019,.T.) ;
#1032=ORIENTED_EDGE('',*,*,#1030,.F.) ;
#1033=ORIENTED_EDGE('',*,*,#979,.F.) ;
#1061=ORIENTED_EDGE('',*,*,#1047,.F.) ;
#1062=ORIENTED_EDGE('',*,*,#1054,.T.) ;
#1063=ORIENTED_EDGE('',*,*,#1059,.T.) ;
#1064=ORIENTED_EDGE('',*,*,#1000,.F.) ;
#1085=ORIENTED_EDGE('',*,*,#1059,.F.) ;
#1086=ORIENTED_EDGE('',*,*,#1078,.T.) ;
#1087=ORIENTED_EDGE('',*,*,#1083,.T.) ;
#1088=ORIENTED_EDGE('',*,*,#1007,.F.) ;
#1109=ORIENTED_EDGE('',*,*,#1083,.F.) ;
#1110=ORIENTED_EDGE('',*,*,#1102,.T.) ;
#1111=ORIENTED_EDGE('',*,*,#1107,.F.) ;
#1112=ORIENTED_EDGE('',*,*,#1014,.F.) ;
#1149=ORIENTED_EDGE('',*,*,#1128,.F.) ;
#1150=ORIENTED_EDGE('',*,*,#1135,.F.) ;
#1151=ORIENTED_EDGE('',*,*,#1142,.F.) ;
#1152=ORIENTED_EDGE('',*,*,#1147,.F.) ;
#1169=ORIENTED_EDGE('',*,*,#1162,.T.) ;
#1170=ORIENTED_EDGE('',*,*,#1167,.T.) ;
#1193=ORIENTED_EDGE('',*,*,#1179,.F.) ;
#1194=ORIENTED_EDGE('',*,*,#1186,.F.) ;
#1195=ORIENTED_EDGE('',*,*,#1191,.T.) ;
#1196=ORIENTED_EDGE('',*,*,#1167,.F.) ;
#1205=ORIENTED_EDGE('',*,*,#1191,.F.) ;
#1206=ORIENTED_EDGE('',*,*,#1203,.F.) ;
#1207=ORIENTED_EDGE('',*,*,#1179,.T.) ;
#1208=ORIENTED_EDGE('',*,*,#1162,.F.) ;
#1245=ORIENTED_EDGE('',*,*,#1224,.F.) ;
#1246=ORIENTED_EDGE('',*,*,#1231,.T.) ;
#1247=ORIENTED_EDGE('',*,*,#1238,.T.) ;
#1248=ORIENTED_EDGE('',*,*,#1243,.F.) ;
#1262=ORIENTED_EDGE('',*,*,#1238,.F.) ;
#1263=ORIENTED_EDGE('',*,*,#1255,.T.) ;
#1264=ORIENTED_EDGE('',*,*,#1224,.T.) ;
#1265=ORIENTED_EDGE('',*,*,#1260,.F.) ;
#1293=ORIENTED_EDGE('',*,*,#1279,.T.) ;
#1294=ORIENTED_EDGE('',*,*,#1286,.T.) ;
#1295=ORIENTED_EDGE('',*,*,#1291,.T.) ;
#1296=ORIENTED_EDGE('',*,*,#1231,.F.) ;
#1319=ORIENTED_EDGE('',*,*,#1305,.T.) ;
#1320=ORIENTED_EDGE('',*,*,#1312,.T.) ;
#1321=ORIENTED_EDGE('',*,*,#1317,.T.) ;
#1322=ORIENTED_EDGE('',*,*,#1255,.F.) ;
#1364=ORIENTED_EDGE('',*,*,#1338,.T.) ;
#1365=ORIENTED_EDGE('',*,*,#1345,.T.) ;
#1366=ORIENTED_EDGE('',*,*,#1352,.T.) ;
#1367=ORIENTED_EDGE('',*,*,#1357,.T.) ;
#1368=ORIENTED_EDGE('',*,*,#1286,.F.) ;
#1369=ORIENTED_EDGE('',*,*,#1362,.F.) ;
#1372=ORIENTED_EDGE('',*,*,#1203,.T.) ;
#1373=ORIENTED_EDGE('',*,*,#1186,.T.) ;
#1387=ORIENTED_EDGE('',*,*,#1135,.T.) ;
#1388=ORIENTED_EDGE('',*,*,#1380,.F.) ;
#1389=ORIENTED_EDGE('',*,*,#1352,.F.) ;
#1390=ORIENTED_EDGE('',*,*,#1385,.T.) ;
#1399=ORIENTED_EDGE('',*,*,#1142,.T.) ;
#1400=ORIENTED_EDGE('',*,*,#1385,.F.) ;
#1401=ORIENTED_EDGE('',*,*,#1345,.F.) ;
#1402=ORIENTED_EDGE('',*,*,#1397,.T.) ;
#1411=ORIENTED_EDGE('',*,*,#1147,.T.) ;
#1412=ORIENTED_EDGE('',*,*,#1397,.F.) ;
#1413=ORIENTED_EDGE('',*,*,#1338,.F.) ;
#1414=ORIENTED_EDGE('',*,*,#1409,.F.) ;
#1451=ORIENTED_EDGE('',*,*,#1430,.T.) ;
#1452=ORIENTED_EDGE('',*,*,#1437,.F.) ;
#1453=ORIENTED_EDGE('',*,*,#1444,.T.) ;
#1454=ORIENTED_EDGE('',*,*,#1449,.T.) ;
#1473=ORIENTED_EDGE('',*,*,#1291,.F.) ;
#1474=ORIENTED_EDGE('',*,*,#1357,.F.) ;
#1475=ORIENTED_EDGE('',*,*,#1380,.T.) ;
#1476=ORIENTED_EDGE('',*,*,#1466,.T.) ;
#1477=ORIENTED_EDGE('',*,*,#1107,.T.) ;
#1478=ORIENTED_EDGE('',*,*,#1471,.T.) ;
#1479=ORIENTED_EDGE('',*,*,#1305,.F.) ;
#1498=ORIENTED_EDGE('',*,*,#1491,.F.) ;
#1499=ORIENTED_EDGE('',*,*,#1047,.T.) ;
#1500=ORIENTED_EDGE('',*,*,#1496,.T.) ;
#1501=ORIENTED_EDGE('',*,*,#1409,.T.) ;
#1502=ORIENTED_EDGE('',*,*,#1362,.T.) ;
#1503=ORIENTED_EDGE('',*,*,#1279,.F.) ;
#1504=ORIENTED_EDGE('',*,*,#1317,.F.) ;
#1513=ORIENTED_EDGE('',*,*,#1491,.T.) ;
#1514=ORIENTED_EDGE('',*,*,#1312,.F.) ;
#1515=ORIENTED_EDGE('',*,*,#1471,.F.) ;
#1516=ORIENTED_EDGE('',*,*,#1102,.F.) ;
#1517=ORIENTED_EDGE('',*,*,#1078,.F.) ;
#1518=ORIENTED_EDGE('',*,*,#1054,.F.) ;
#1526=ORIENTED_EDGE('',*,*,#967,.T.) ;
#1527=ORIENTED_EDGE('',*,*,#1524,.T.) ;
#1531=ORIENTED_EDGE('',*,*,#974,.T.) ;
#1532=ORIENTED_EDGE('',*,*,#1524,.F.) ;
#1533=ORIENTED_EDGE('',*,*,#960,.F.) ;
#1534=ORIENTED_EDGE('',*,*,#1030,.T.) ;
#1557=ORIENTED_EDGE('',*,*,#1545,.F.) ;
#1558=ORIENTED_EDGE('',*,*,#1550,.T.) ;
#1559=ORIENTED_EDGE('',*,*,#1449,.F.) ;
#1560=ORIENTED_EDGE('',*,*,#1555,.T.) ;
#1583=ORIENTED_EDGE('',*,*,#1571,.T.) ;
#1584=ORIENTED_EDGE('',*,*,#1576,.T.) ;
#1585=ORIENTED_EDGE('',*,*,#1437,.T.) ;
#1586=ORIENTED_EDGE('',*,*,#1581,.T.) ;
#1595=ORIENTED_EDGE('',*,*,#1243,.T.) ;
#1596=ORIENTED_EDGE('',*,*,#1260,.T.) ;
#1618=ORIENTED_EDGE('',*,*,#1581,.F.) ;
#1619=ORIENTED_EDGE('',*,*,#1430,.F.) ;
#1620=ORIENTED_EDGE('',*,*,#1550,.F.) ;
#1621=ORIENTED_EDGE('',*,*,#1604,.F.) ;
#1622=ORIENTED_EDGE('',*,*,#1611,.F.) ;
#1623=ORIENTED_EDGE('',*,*,#1616,.F.) ;
#1632=ORIENTED_EDGE('',*,*,#1019,.F.) ;
#1633=ORIENTED_EDGE('',*,*,#1466,.F.) ;
#1634=ORIENTED_EDGE('',*,*,#1128,.T.) ;
#1635=ORIENTED_EDGE('',*,*,#1496,.F.) ;
#1657=ORIENTED_EDGE('',*,*,#1643,.T.) ;
#1658=ORIENTED_EDGE('',*,*,#1650,.T.) ;
#1659=ORIENTED_EDGE('',*,*,#1655,.T.) ;
#1660=ORIENTED_EDGE('',*,*,#1555,.F.) ;
#1661=ORIENTED_EDGE('',*,*,#1444,.F.) ;
#1662=ORIENTED_EDGE('',*,*,#1576,.F.) ;
#1681=ORIENTED_EDGE('',*,*,#1674,.F.) ;
#1682=ORIENTED_EDGE('',*,*,#1611,.T.) ;
#1683=ORIENTED_EDGE('',*,*,#1679,.T.) ;
#1684=ORIENTED_EDGE('',*,*,#1650,.F.) ;
#1693=ORIENTED_EDGE('',*,*,#1679,.F.) ;
#1694=ORIENTED_EDGE('',*,*,#1604,.T.) ;
#1695=ORIENTED_EDGE('',*,*,#1545,.T.) ;
#1696=ORIENTED_EDGE('',*,*,#1655,.F.) ;
#1705=ORIENTED_EDGE('',*,*,#1571,.F.) ;
#1706=ORIENTED_EDGE('',*,*,#1616,.T.) ;
#1707=ORIENTED_EDGE('',*,*,#1674,.T.) ;
#1708=ORIENTED_EDGE('',*,*,#1643,.F.) ;
#1758=ORIENTED_EDGE('',*,*,#1751,.T.) ;
#1759=ORIENTED_EDGE('',*,*,#1756,.T.) ;
#1782=ORIENTED_EDGE('',*,*,#1775,.T.) ;
#1783=ORIENTED_EDGE('',*,*,#1780,.T.) ;
#1800=ORIENTED_EDGE('',*,*,#1793,.F.) ;
#1801=ORIENTED_EDGE('',*,*,#1798,.F.) ;
#1824=ORIENTED_EDGE('',*,*,#1817,.F.) ;
#1825=ORIENTED_EDGE('',*,*,#1822,.F.) ;
#1844=ORIENTED_EDGE('',*,*,#1817,.T.) ;
#1845=ORIENTED_EDGE('',*,*,#1837,.F.) ;
#1846=ORIENTED_EDGE('',*,*,#1780,.F.) ;
#1847=ORIENTED_EDGE('',*,*,#1842,.T.) ;
#1851=ORIENTED_EDGE('',*,*,#1822,.T.) ;
#1852=ORIENTED_EDGE('',*,*,#1842,.F.) ;
#1853=ORIENTED_EDGE('',*,*,#1775,.F.) ;
#1854=ORIENTED_EDGE('',*,*,#1837,.T.) ;
#1873=ORIENTED_EDGE('',*,*,#1866,.F.) ;
#1874=ORIENTED_EDGE('',*,*,#1798,.T.) ;
#1875=ORIENTED_EDGE('',*,*,#1871,.T.) ;
#1876=ORIENTED_EDGE('',*,*,#1756,.F.) ;
#1919=ORIENTED_EDGE('',*,*,#1889,.F.) ;
#1920=ORIENTED_EDGE('',*,*,#1899,.F.) ;
#1921=ORIENTED_EDGE('',*,*,#1909,.F.) ;
#1922=ORIENTED_EDGE('',*,*,#1917,.F.) ;
#1950=ORIENTED_EDGE('',*,*,#1909,.T.) ;
#1951=ORIENTED_EDGE('',*,*,#1899,.T.) ;
#1952=ORIENTED_EDGE('',*,*,#1936,.F.) ;
#1953=ORIENTED_EDGE('',*,*,#1943,.T.) ;
#1954=ORIENTED_EDGE('',*,*,#1948,.T.) ;
#1963=ORIENTED_EDGE('',*,*,#1889,.T.) ;
#1964=ORIENTED_EDGE('',*,*,#1917,.T.) ;
#1965=ORIENTED_EDGE('',*,*,#1948,.F.) ;
#1966=ORIENTED_EDGE('',*,*,#1961,.T.) ;
#1967=ORIENTED_EDGE('',*,*,#1936,.T.) ;
#1971=ORIENTED_EDGE('',*,*,#1871,.F.) ;
#1972=ORIENTED_EDGE('',*,*,#1793,.T.) ;
#1973=ORIENTED_EDGE('',*,*,#1866,.T.) ;
#1974=ORIENTED_EDGE('',*,*,#1751,.F.) ;
#2017=ORIENTED_EDGE('',*,*,#1987,.F.) ;
#2018=ORIENTED_EDGE('',*,*,#1997,.F.) ;
#2019=ORIENTED_EDGE('',*,*,#2007,.F.) ;
#2020=ORIENTED_EDGE('',*,*,#2015,.F.) ;
#2043=ORIENTED_EDGE('',*,*,#2036,.T.) ;
#2044=ORIENTED_EDGE('',*,*,#2041,.T.) ;
#2047=ORIENTED_EDGE('',*,*,#1943,.F.) ;
#2048=ORIENTED_EDGE('',*,*,#1961,.F.) ;
#2067=ORIENTED_EDGE('',*,*,#2060,.F.) ;
#2068=ORIENTED_EDGE('',*,*,#2036,.F.) ;
#2069=ORIENTED_EDGE('',*,*,#2065,.T.) ;
#2070=ORIENTED_EDGE('',*,*,#2007,.T.) ;
#2071=ORIENTED_EDGE('',*,*,#1997,.T.) ;
#2075=ORIENTED_EDGE('',*,*,#2065,.F.) ;
#2076=ORIENTED_EDGE('',*,*,#2041,.F.) ;
#2077=ORIENTED_EDGE('',*,*,#2060,.T.) ;
#2078=ORIENTED_EDGE('',*,*,#1987,.T.) ;
#2079=ORIENTED_EDGE('',*,*,#2015,.T.) ;
#2143=ORIENTED_EDGE('',*,*,#2122,.F.) ;
#2144=ORIENTED_EDGE('',*,*,#2129,.T.) ;
#2145=ORIENTED_EDGE('',*,*,#2136,.T.) ;
#2146=ORIENTED_EDGE('',*,*,#2141,.F.) ;
#2160=ORIENTED_EDGE('',*,*,#2153,.F.) ;
#2161=ORIENTED_EDGE('',*,*,#2141,.T.) ;
#2162=ORIENTED_EDGE('',*,*,#2158,.T.) ;
#2163=ORIENTED_EDGE('',*,*,#2129,.F.) ;
#2172=ORIENTED_EDGE('',*,*,#2122,.T.) ;
#2173=ORIENTED_EDGE('',*,*,#2153,.T.) ;
#2182=ORIENTED_EDGE('',*,*,#2136,.F.) ;
#2183=ORIENTED_EDGE('',*,*,#2158,.F.) ;
#163=FACE_BOUND('',#160,.T.) ;
#343=FACE_BOUND('',#340,.T.) ;
#458=FACE_BOUND('',#455,.T.) ;
#497=FACE_BOUND('',#494,.T.) ;
#521=FACE_BOUND('',#518,.T.) ;
#545=FACE_BOUND('',#542,.T.) ;
#696=FACE_BOUND('',#693,.T.) ;
#749=FACE_BOUND('',#746,.T.) ;
#777=FACE_BOUND('',#774,.T.) ;
#867=FACE_BOUND('',#864,.T.) ;
#886=FACE_BOUND('',#883,.T.) ;
#911=FACE_BOUND('',#908,.T.) ;
#1034=FACE_BOUND('',#1031,.T.) ;
#1171=FACE_BOUND('',#1168,.T.) ;
#1374=FACE_BOUND('',#1371,.T.) ;
#1528=FACE_BOUND('',#1525,.T.) ;
#1624=FACE_BOUND('',#1617,.T.) ;
#1663=FACE_BOUND('',#1656,.T.) ;
#1802=FACE_BOUND('',#1799,.T.) ;
#1923=FACE_BOUND('',#1918,.T.) ;
#2021=FACE_BOUND('',#2016,.T.) ;
#2049=FACE_BOUND('',#2046,.T.) ;
#62=CLOSED_SHELL('Closed Shell',(#122,#164,#235,#278,#316,#330,#344,#384,#415,#459,#498,#522,#546,#553,#560)) ;
#587=CLOSED_SHELL('Closed Shell',(#642,#697,#750,#778,#815,#833,#868,#887,#912,#919)) ;
#946=CLOSED_SHELL('Closed Shell',(#986,#1035,#1066,#1090,#1114,#1172,#1198,#1210,#1250,#1267,#1298,#1324,#1375,#1392,#1404,#1416,#1456,#1481,#1506,#1529,#1536,#1562,#1588,#1625,#1664,#1686,#1698,#1710)) ;
#1737=CLOSED_SHELL('Closed Shell',(#1761,#1803,#1827,#1849,#1856,#1924,#1956,#1969,#2022,#2050,#2073,#2081)) ;
#2108=CLOSED_SHELL('Closed Shell',(#2148,#2165,#2175,#2185)) ;
#568=ITEM_DEFINED_TRANSFORMATION(' ',' ',#570,#569) ;
#927=ITEM_DEFINED_TRANSFORMATION(' ',' ',#929,#928) ;
#1718=ITEM_DEFINED_TRANSFORMATION(' ',' ',#1720,#1719) ;
#2089=ITEM_DEFINED_TRANSFORMATION(' ',' ',#2091,#2090) ;
#2193=ITEM_DEFINED_TRANSFORMATION(' ',' ',#2195,#2194) ;
#2208=ITEM_DEFINED_TRANSFORMATION(' ',' ',#2210,#2209) ;
#2223=ITEM_DEFINED_TRANSFORMATION(' ',' ',#2225,#2224) ;
#2238=ITEM_DEFINED_TRANSFORMATION(' ',' ',#2240,#2239) ;
#2253=ITEM_DEFINED_TRANSFORMATION(' ',' ',#2255,#2254) ;
#172=VECTOR('Line Direction',#171,1.) ;
#179=VECTOR('Line Direction',#178,1.) ;
#193=VECTOR('Line Direction',#192,1.) ;
#286=VECTOR('Line Direction',#285,1.) ;
#291=VECTOR('Line Direction',#290,1.) ;
#305=VECTOR('Line Direction',#304,1.) ;
#347=VECTOR('Line Direction',#346,1.) ;
#432=VECTOR('Line Direction',#431,1.) ;
#446=VECTOR('Line Direction',#445,1.) ;
#462=VECTOR('Line Direction',#461,1.) ;
#478=VECTOR('Line Direction',#477,1.) ;
#595=VECTOR('Line Direction',#594,1.) ;
#620=VECTOR('Line Direction',#619,1.) ;
#659=VECTOR('Line Direction',#658,1.) ;
#673=VECTOR('Line Direction',#672,1.) ;
#786=VECTOR('Line Direction',#785,1.) ;
#806=VECTOR('Line Direction',#805,1.) ;
#841=VECTOR('Line Direction',#840,1.) ;
#855=VECTOR('Line Direction',#854,1.) ;
#954=VECTOR('Line Direction',#953,1.) ;
#970=VECTOR('Line Direction',#969,1.) ;
#994=VECTOR('Line Direction',#993,1.) ;
#1010=VECTOR('Line Direction',#1009,1.) ;
#1017=VECTOR('Line Direction',#1016,1.) ;
#1043=VECTOR('Line Direction',#1042,1.) ;
#1050=VECTOR('Line Direction',#1049,1.) ;
#1057=VECTOR('Line Direction',#1056,1.) ;
#1081=VECTOR('Line Direction',#1080,1.) ;
#1098=VECTOR('Line Direction',#1097,1.) ;
#1105=VECTOR('Line Direction',#1104,1.) ;
#1122=VECTOR('Line Direction',#1121,1.) ;
#1131=VECTOR('Line Direction',#1130,1.) ;
#1145=VECTOR('Line Direction',#1144,1.) ;
#1175=VECTOR('Line Direction',#1174,1.) ;
#1189=VECTOR('Line Direction',#1188,1.) ;
#1218=VECTOR('Line Direction',#1217,1.) ;
#1234=VECTOR('Line Direction',#1233,1.) ;
#1275=VECTOR('Line Direction',#1274,1.) ;
#1282=VECTOR('Line Direction',#1281,1.) ;
#1289=VECTOR('Line Direction',#1288,1.) ;
#1301=VECTOR('Line Direction',#1300,1.) ;
#1308=VECTOR('Line Direction',#1307,1.) ;
#1315=VECTOR('Line Direction',#1314,1.) ;
#1332=VECTOR('Line Direction',#1331,1.) ;
#1348=VECTOR('Line Direction',#1347,1.) ;
#1355=VECTOR('Line Direction',#1354,1.) ;
#1360=VECTOR('Line Direction',#1359,1.) ;
#1378=VECTOR('Line Direction',#1377,1.) ;
#1383=VECTOR('Line Direction',#1382,1.) ;
#1395=VECTOR('Line Direction',#1394,1.) ;
#1407=VECTOR('Line Direction',#1406,1.) ;
#1433=VECTOR('Line Direction',#1432,1.) ;
#1447=VECTOR('Line Direction',#1446,1.) ;
#1464=VECTOR('Line Direction',#1463,1.) ;
#1469=VECTOR('Line Direction',#1468,1.) ;
#1489=VECTOR('Line Direction',#1488,1.) ;
#1494=VECTOR('Line Direction',#1493,1.) ;
#1539=VECTOR('Line Direction',#1538,1.) ;
#1565=VECTOR('Line Direction',#1564,1.) ;
#1600=VECTOR('Line Direction',#1599,1.) ;
#1607=VECTOR('Line Direction',#1606,1.) ;
#1614=VECTOR('Line Direction',#1613,1.) ;
#1639=VECTOR('Line Direction',#1638,1.) ;
#1646=VECTOR('Line Direction',#1645,1.) ;
#1653=VECTOR('Line Direction',#1652,1.) ;
#1672=VECTOR('Line Direction',#1671,1.) ;
#1677=VECTOR('Line Direction',#1676,1.) ;
#1835=VECTOR('Line Direction',#1834,1.) ;
#1840=VECTOR('Line Direction',#1839,1.) ;
#1864=VECTOR('Line Direction',#1863,1.) ;
#1869=VECTOR('Line Direction',#1868,1.) ;
#1932=VECTOR('Line Direction',#1931,1.) ;
#1946=VECTOR('Line Direction',#1945,1.) ;
#2058=VECTOR('Line Direction',#2057,1.) ;
#2063=VECTOR('Line Direction',#2062,1.) ;
#2125=VECTOR('Line Direction',#2124,1.) ;
#2139=VECTOR('Line Direction',#2138,1.) ;
#562=ADVANCED_BREP_SHAPE_REPRESENTATION('NONE',(#561),#53) ;
#921=ADVANCED_BREP_SHAPE_REPRESENTATION('NONE',(#920),#578) ;
#1712=ADVANCED_BREP_SHAPE_REPRESENTATION('NONE',(#1711),#937) ;
#2083=ADVANCED_BREP_SHAPE_REPRESENTATION('NONE',(#2082),#1728) ;
#2187=ADVANCED_BREP_SHAPE_REPRESENTATION('NONE',(#2186),#2099) ;
#44=SHAPE_REPRESENTATION(' ',(#569,#928,#1719,#2090,#2194,#2209,#2224,#2239,#2254),#51) ;
#54=SHAPE_REPRESENTATION(' ',(#570),#53) ;
#579=SHAPE_REPRESENTATION(' ',(#929,#2255),#578) ;
#938=SHAPE_REPRESENTATION(' ',(#1720,#2210),#937) ;
#1729=SHAPE_REPRESENTATION(' ',(#2091,#2240),#1728) ;
#2100=SHAPE_REPRESENTATION(' ',(#2195,#2225),#2099) ;
#122=ADVANCED_FACE('PartBody',(#121),#67,.T.) ;
#164=ADVANCED_FACE('PartBody',(#145,#163),#127,.F.) ;
#235=ADVANCED_FACE('PartBody',(#234),#169,.T.) ;
#278=ADVANCED_FACE('PartBody',(#277),#169,.T.) ;
#316=ADVANCED_FACE('PartBody',(#315),#283,.F.) ;
#330=ADVANCED_FACE('PartBody',(#329),#283,.F.) ;
#344=ADVANCED_FACE('PartBody',(#339,#343),#335,.T.) ;
#384=ADVANCED_FACE('PartBody',(#383),#169,.T.) ;
#415=ADVANCED_FACE('PartBody',(#414),#169,.T.) ;
#459=ADVANCED_FACE('PartBody',(#454,#458),#420,.F.) ;
#498=ADVANCED_FACE('PartBody',(#493,#497),#67,.T.) ;
#522=ADVANCED_FACE('PartBody',(#512,#521),#503,.T.) ;
#546=ADVANCED_FACE('PartBody',(#536,#545),#527,.F.) ;
#553=ADVANCED_FACE('PartBody',(#552),#420,.F.) ;
#560=ADVANCED_FACE('PartBody',(#559),#67,.T.) ;
#642=ADVANCED_FACE('PartBody',(#641),#592,.F.) ;
#697=ADVANCED_FACE('PartBody',(#681,#696),#647,.F.) ;
#750=ADVANCED_FACE('PartBody',(#713,#749),#647,.F.) ;
#778=ADVANCED_FACE('PartBody',(#773,#777),#755,.T.) ;
#815=ADVANCED_FACE('PartBody',(#814),#783,.F.) ;
#833=ADVANCED_FACE('PartBody',(#832),#783,.F.) ;
#868=ADVANCED_FACE('PartBody',(#863,#867),#838,.T.) ;
#887=ADVANCED_FACE('PartBody',(#882,#886),#873,.F.) ;
#912=ADVANCED_FACE('PartBody',(#893,#911),#838,.T.) ;
#919=ADVANCED_FACE('PartBody',(#918),#592,.F.) ;
#986=ADVANCED_FACE('PartBody',(#985),#951,.F.) ;
#1035=ADVANCED_FACE('PartBody',(#1025,#1034),#991,.T.) ;
#1066=ADVANCED_FACE('PartBody',(#1065),#1040,.F.) ;
#1090=ADVANCED_FACE('PartBody',(#1089),#1071,.T.) ;
#1114=ADVANCED_FACE('PartBody',(#1113),#1095,.T.) ;
#1172=ADVANCED_FACE('PartBody',(#1153,#1171),#1119,.F.) ;
#1198=ADVANCED_FACE('PartBody',(#1197),#951,.F.) ;
#1210=ADVANCED_FACE('PartBody',(#1209),#951,.F.) ;
#1250=ADVANCED_FACE('PartBody',(#1249),#1215,.T.) ;
#1267=ADVANCED_FACE('PartBody',(#1266),#1215,.T.) ;
#1298=ADVANCED_FACE('PartBody',(#1297),#1272,.T.) ;
#1324=ADVANCED_FACE('PartBody',(#1323),#1272,.T.) ;
#1375=ADVANCED_FACE('PartBody',(#1370,#1374),#1329,.F.) ;
#1392=ADVANCED_FACE('PartBody',(#1391),#1095,.T.) ;
#1404=ADVANCED_FACE('PartBody',(#1403),#1071,.T.) ;
#1416=ADVANCED_FACE('PartBody',(#1415),#1040,.F.) ;
#1456=ADVANCED_FACE('PartBody',(#1455),#1421,.F.) ;
#1481=ADVANCED_FACE('PartBody',(#1480),#1461,.F.) ;
#1506=ADVANCED_FACE('PartBody',(#1505),#1486,.F.) ;
#1529=ADVANCED_FACE('PartBody',(#1519,#1528),#1511,.F.) ;
#1536=ADVANCED_FACE('PartBody',(#1535),#951,.F.) ;
#1562=ADVANCED_FACE('PartBody',(#1561),#1421,.F.) ;
#1588=ADVANCED_FACE('PartBody',(#1587),#1421,.F.) ;
#1625=ADVANCED_FACE('PartBody',(#1597,#1624),#1593,.T.) ;
#1664=ADVANCED_FACE('PartBody',(#1636,#1663),#1630,.F.) ;
#1686=ADVANCED_FACE('PartBody',(#1685),#1669,.F.) ;
#1698=ADVANCED_FACE('PartBody',(#1697),#1691,.F.) ;
#1710=ADVANCED_FACE('PartBody',(#1709),#1703,.F.) ;
#1761=ADVANCED_FACE('PartBody',(#1760),#1742,.T.) ;
#1803=ADVANCED_FACE('PartBody',(#1784,#1802),#1766,.T.) ;
#1827=ADVANCED_FACE('PartBody',(#1826),#1808,.F.) ;
#1849=ADVANCED_FACE('PartBody',(#1848),#1832,.T.) ;
#1856=ADVANCED_FACE('PartBody',(#1855),#1832,.T.) ;
#1924=ADVANCED_FACE('PartBody',(#1877,#1923),#1861,.T.) ;
#1956=ADVANCED_FACE('PartBody',(#1955),#1929,.F.) ;
#1969=ADVANCED_FACE('PartBody',(#1968),#1929,.F.) ;
#2022=ADVANCED_FACE('PartBody',(#1975,#2021),#1861,.T.) ;
#2050=ADVANCED_FACE('PartBody',(#2045,#2049),#2027,.T.) ;
#2073=ADVANCED_FACE('PartBody',(#2072),#2055,.F.) ;
#2081=ADVANCED_FACE('PartBody',(#2080),#2055,.F.) ;
#2148=ADVANCED_FACE('PartBody',(#2147),#2113,.T.) ;
#2165=ADVANCED_FACE('PartBody',(#2164),#2113,.T.) ;
#2175=ADVANCED_FACE('PartBody',(#2174),#2170,.T.) ;
#2185=ADVANCED_FACE('PartBody',(#2184),#2180,.F.) ;
#4=APPLICATION_PROTOCOL_DEFINITION('international standard','config_control_design',1994,#1) ;
#35=APPROVAL_DATE_TIME(#13,#24) ;
#68=B_SPLINE_CURVE_WITH_KNOTS('',5,(#69,#70,#71,#72,#73,#74,#75,#76,#77,#78,#79,#80,#81,#82,#83,#84,#85,#86,#87,#88,#89),.UNSPECIFIED.,.F.,.U.,(6,3,3,3,3,3,6),(0.,7.8416376626,13.689446826,28.142443123,44.9117149874,56.6463968517,63.8635642764),.UNSPECIFIED.) ;
#95=B_SPLINE_CURVE_WITH_KNOTS('',5,(#96,#97,#98,#99,#100,#101,#102,#103,#104,#105,#106,#107,#108,#109,#110,#111,#112,#113,#114,#115,#116),.UNSPECIFIED.,.F.,.U.,(6,3,3,3,3,3,6),(0.,7.84163766237,13.6894468249,28.1424431225,44.9117149876,56.6463968516,63.8635642761),.UNSPECIFIED.) ;
#198=B_SPLINE_CURVE_WITH_KNOTS('',5,(#199,#200,#201,#202,#203,#204,#205,#206,#207,#208,#209,#210,#211,#212,#213,#214,#215,#216,#217,#218,#219,#220,#221,#222,#223,#224,#225),.UNSPECIFIED.,.F.,.U.,(6,3,3,3,3,3,3,3,6),(0.,20.1483138961,39.0838091706,57.4975604357,69.8920752428,81.2558354715,99.9731761882,115.671942591,136.420818947),.UNSPECIFIED.) ;
#241=B_SPLINE_CURVE_WITH_KNOTS('',5,(#242,#243,#244,#245,#246,#247,#248,#249,#250,#251,#252,#253,#254,#255,#256,#257,#258,#259,#260,#261,#262,#263,#264,#265,#266,#267,#268),.UNSPECIFIED.,.F.,.U.,(6,3,3,3,3,3,3,3,6),(0.,20.1483138966,39.0838091714,57.4975604365,69.8920752427,81.255835471,99.9731761893,115.671942592,136.420818951),.UNSPECIFIED.) ;
#354=B_SPLINE_CURVE_WITH_KNOTS('',5,(#355,#356,#357,#358,#359,#360,#361,#362,#363,#364,#365,#366,#367,#368,#369,#370,#371,#372,#373,#374,#375,#376,#377,#378),.UNSPECIFIED.,.F.,.U.,(6,3,3,3,3,3,3,6),(0.,14.6643560719,20.7132198842,30.8866566481,40.5606438395,46.4964016184,53.3101044206,63.8632809754),.UNSPECIFIED.) ;
#385=B_SPLINE_CURVE_WITH_KNOTS('',5,(#386,#387,#388,#389,#390,#391,#392,#393,#394,#395,#396,#397,#398,#399,#400,#401,#402,#403,#404,#405,#406,#407,#408,#409),.UNSPECIFIED.,.F.,.U.,(6,3,3,3,3,3,3,6),(0.,14.6643560725,20.7132198843,30.886656648,40.5606438389,46.4964016179,53.3101044202,63.8632809738),.UNSPECIFIED.) ;
#602=B_SPLINE_CURVE_WITH_KNOTS('',5,(#603,#604,#605,#606,#607,#608,#609,#610,#611,#612,#613,#614),.UNSPECIFIED.,.F.,.U.,(6,3,3,6),(0.,2.20734538966,6.63174372195,11.1138929435),.UNSPECIFIED.) ;
#625=B_SPLINE_CURVE_WITH_KNOTS('',5,(#626,#627,#628,#629,#630,#631,#632,#633,#634),.UNSPECIFIED.,.F.,.U.,(6,3,6),(0.,5.88869748235,11.1262382077),.UNSPECIFIED.) ;
#682=B_SPLINE_CURVE_WITH_KNOTS('',5,(#683,#684,#685,#686,#687,#688,#689,#690,#691),.UNSPECIFIED.,.F.,.U.,(6,3,6),(0.,5.88869748267,11.1262382084),.UNSPECIFIED.) ;
#714=B_SPLINE_CURVE_WITH_KNOTS('',5,(#715,#716,#717,#718,#719,#720,#721,#722,#723,#724,#725,#726),.UNSPECIFIED.,.F.,.U.,(6,3,3,6),(0.,2.40039916108,7.23482156425,13.3622584038),.UNSPECIFIED.) ;
#732=B_SPLINE_CURVE_WITH_KNOTS('',5,(#733,#734,#735,#736,#737,#738,#739,#740,#741,#742,#743,#744),.UNSPECIFIED.,.F.,.U.,(6,3,3,6),(0.,2.40039916107,7.23482156426,13.3622584038),.UNSPECIFIED.) ;
#791=B_SPLINE_CURVE_WITH_KNOTS('',5,(#792,#793,#794,#795,#796,#797,#798,#799,#800),.UNSPECIFIED.,.F.,.U.,(6,3,6),(0.,7.25153101857,13.3404553817),.UNSPECIFIED.) ;
#816=B_SPLINE_CURVE_WITH_KNOTS('',5,(#817,#818,#819,#820,#821,#822,#823,#824,#825),.UNSPECIFIED.,.F.,.U.,(6,3,6),(0.,7.25153101846,13.3404553816),.UNSPECIFIED.) ;
#894=B_SPLINE_CURVE_WITH_KNOTS('',5,(#895,#896,#897,#898,#899,#900,#901,#902,#903,#904,#905,#906),.UNSPECIFIED.,.F.,.U.,(6,3,3,6),(0.,2.20734538956,6.6317437213,11.1138929424),.UNSPECIFIED.) ;
#1878=B_SPLINE_CURVE_WITH_KNOTS('',5,(#1879,#1880,#1881,#1882,#1883,#1884),.UNSPECIFIED.,.F.,.U.,(6,6),(0.,5.5635679001),.UNSPECIFIED.) ;
#1890=B_SPLINE_CURVE_WITH_KNOTS('',5,(#1891,#1892,#1893,#1894,#1895,#1896),.UNSPECIFIED.,.F.,.U.,(6,6),(5.56356790068,11.126237473),.UNSPECIFIED.) ;
#1900=B_SPLINE_CURVE_WITH_KNOTS('',5,(#1901,#1902,#1903,#1904,#1905,#1906),.UNSPECIFIED.,.F.,.U.,(6,6),(0.,5.56356790068),.UNSPECIFIED.) ;
#1910=B_SPLINE_CURVE_WITH_KNOTS('',5,(#1911,#1912,#1913,#1914,#1915,#1916),.UNSPECIFIED.,.F.,.U.,(6,6),(5.5635679001,11.1262374716),.UNSPECIFIED.) ;
#1976=B_SPLINE_CURVE_WITH_KNOTS('',5,(#1977,#1978,#1979,#1980,#1981,#1982),.UNSPECIFIED.,.F.,.U.,(6,6),(0.,6.6810781999),.UNSPECIFIED.) ;
#1988=B_SPLINE_CURVE_WITH_KNOTS('',5,(#1989,#1990,#1991,#1992,#1993,#1994),.UNSPECIFIED.,.F.,.U.,(6,6),(6.68107843059,13.3621578643),.UNSPECIFIED.) ;
#1998=B_SPLINE_CURVE_WITH_KNOTS('',5,(#1999,#2000,#2001,#2002,#2003,#2004),.UNSPECIFIED.,.F.,.U.,(6,6),(0.,6.68107843059),.UNSPECIFIED.) ;
#2008=B_SPLINE_CURVE_WITH_KNOTS('',5,(#2009,#2010,#2011,#2012,#2013,#2014),.UNSPECIFIED.,.F.,.U.,(6,6),(6.6810781999,13.3621578654),.UNSPECIFIED.) ;
#561=MANIFOLD_SOLID_BREP('PartBody',#62) ;
#920=MANIFOLD_SOLID_BREP('PartBody',#587) ;
#1711=MANIFOLD_SOLID_BREP('PartBody',#946) ;
#2082=MANIFOLD_SOLID_BREP('PartBody',#1737) ;
#2186=MANIFOLD_SOLID_BREP('PartBody',#2108) ;
#11=CALENDAR_DATE(2024,23,3) ;
#33=CC_DESIGN_APPROVAL(#24,(#19,#6,#17)) ;
#21=CC_DESIGN_DATE_AND_TIME_ASSIGNMENT(#13,#20,(#19)) ;
#32=CC_DESIGN_DATE_AND_TIME_ASSIGNMENT(#13,#31,(#17)) ;
#20=DATE_TIME_ROLE('classification_date') ;
#31=DATE_TIME_ROLE('creation_date') ;
#30=CC_DESIGN_PERSON_AND_ORGANIZATION_ASSIGNMENT(#28,#29,(#19)) ;
#36=CC_DESIGN_PERSON_AND_ORGANIZATION_ASSIGNMENT(#28,#37,(#6)) ;
#38=CC_DESIGN_PERSON_AND_ORGANIZATION_ASSIGNMENT(#28,#39,(#6,#17)) ;
#40=CC_DESIGN_PERSON_AND_ORGANIZATION_ASSIGNMENT(#28,#41,(#5)) ;
#29=PERSON_AND_ORGANIZATION_ROLE('classification_officer') ;
#37=PERSON_AND_ORGANIZATION_ROLE('design_supplier') ;
#39=PERSON_AND_ORGANIZATION_ROLE('creator') ;
#41=PERSON_AND_ORGANIZATION_ROLE('design_owner') ;
#42=CC_DESIGN_SECURITY_CLASSIFICATION(#19,(#6,#564,#923,#1714,#2085,#2189,#2204,#2219,#2234,#2249)) ;
#60=DOCUMENT('1','Centre Block.CATPart','CATPart document',#59) ;
#585=DOCUMENT('2','Collar.CATPart','CATPart document',#584) ;
#944=DOCUMENT('3','Fork.CATPart','CATPart document',#943) ;
#1735=DOCUMENT('4','Pin.CATPart','CATPart document',#1734) ;
#2106=DOCUMENT('5','Taper Pin.CATPart','CATPart document',#2105) ;
#59=DOCUMENT_TYPE('') ;
#584=DOCUMENT_TYPE('') ;
#943=DOCUMENT_TYPE('') ;
#1734=DOCUMENT_TYPE('') ;
#2105=DOCUMENT_TYPE('') ;
#131=CIRCLE('generated circle',#130,28.) ;
#140=CIRCLE('generated circle',#139,28.) ;
#149=CIRCLE('generated circle',#148,15.) ;
#158=CIRCLE('generated circle',#157,15.) ;
#187=CIRCLE('generated circle',#186,28.) ;
#239=CIRCLE('generated circle',#238,28.) ;
#299=CIRCLE('generated circle',#298,15.) ;
#320=CIRCLE('generated circle',#319,15.) ;
#424=CIRCLE('generated circle',#423,15.) ;
#440=CIRCLE('generated circle',#439,15.) ;
#472=CIRCLE('generated circle',#471,28.) ;
#486=CIRCLE('generated circle',#485,28.) ;
#507=CIRCLE('generated circle',#506,28.) ;
#516=CIRCLE('generated circle',#515,15.) ;
#531=CIRCLE('generated circle',#530,28.) ;
#540=CIRCLE('generated circle',#539,15.) ;
#651=CIRCLE('generated circle',#650,15.) ;
#667=CIRCLE('generated circle',#666,15.) ;
#701=CIRCLE('generated circle',#700,15.) ;
#706=CIRCLE('generated circle',#705,15.) ;
#759=CIRCLE('generated circle',#758,25.) ;
#768=CIRCLE('generated circle',#767,25.) ;
#849=CIRCLE('generated circle',#848,25.) ;
#877=CIRCLE('generated circle',#876,25.) ;
#964=CIRCLE('generated circle',#963,15.) ;
#978=CIRCLE('generated circle',#977,15.) ;
#1004=CIRCLE('generated circle',#1003,38.) ;
#1029=CIRCLE('generated circle',#1028,15.) ;
#1075=CIRCLE('generated circle',#1074,38.) ;
#1139=CIRCLE('generated circle',#1138,38.) ;
#1157=CIRCLE('generated circle',#1156,15.) ;
#1166=CIRCLE('generated circle',#1165,15.) ;
#1183=CIRCLE('generated circle',#1182,15.) ;
#1202=CIRCLE('generated circle',#1201,15.) ;
#1228=CIRCLE('generated circle',#1227,44.) ;
#1242=CIRCLE('generated circle',#1241,44.) ;
#1254=CIRCLE('generated circle',#1253,44.) ;
#1259=CIRCLE('generated circle',#1258,44.) ;
#1342=CIRCLE('generated circle',#1341,38.) ;
#1425=CIRCLE('generated circle',#1424,25.) ;
#1441=CIRCLE('generated circle',#1440,25.) ;
#1523=CIRCLE('generated circle',#1522,15.) ;
#1549=CIRCLE('generated circle',#1548,25.) ;
#1554=CIRCLE('generated circle',#1553,25.) ;
#1575=CIRCLE('generated circle',#1574,25.) ;
#1580=CIRCLE('generated circle',#1579,25.) ;
#1746=CIRCLE('generated circle',#1745,15.) ;
#1755=CIRCLE('generated circle',#1754,15.) ;
#1770=CIRCLE('generated circle',#1769,25.) ;
#1779=CIRCLE('generated circle',#1778,25.) ;
#1788=CIRCLE('generated circle',#1787,15.) ;
#1797=CIRCLE('generated circle',#1796,15.) ;
#1812=CIRCLE('generated circle',#1811,25.) ;
#1821=CIRCLE('generated circle',#1820,25.) ;
#1940=CIRCLE('generated circle',#1939,2.5) ;
#1960=CIRCLE('generated circle',#1959,2.5) ;
#2031=CIRCLE('generated circle',#2030,3.) ;
#2040=CIRCLE('generated circle',#2039,3.) ;
#2117=CIRCLE('generated circle',#2116,3.) ;
#2133=CIRCLE('generated circle',#2132,2.5) ;
#2152=CIRCLE('generated circle',#2151,3.) ;
#2157=CIRCLE('generated circle',#2156,2.5) ;
#2113=CONICAL_SURFACE('Cone',#2112,2.5,0.00833314044014) ;
#566=CONTEXT_DEPENDENT_SHAPE_REPRESENTATION(#567,#565) ;
#925=CONTEXT_DEPENDENT_SHAPE_REPRESENTATION(#926,#924) ;
#1716=CONTEXT_DEPENDENT_SHAPE_REPRESENTATION(#1717,#1715) ;
#2087=CONTEXT_DEPENDENT_SHAPE_REPRESENTATION(#2088,#2086) ;
#2191=CONTEXT_DEPENDENT_SHAPE_REPRESENTATION(#2192,#2190) ;
#2206=CONTEXT_DEPENDENT_SHAPE_REPRESENTATION(#2207,#2205) ;
#2221=CONTEXT_DEPENDENT_SHAPE_REPRESENTATION(#2222,#2220) ;
#2236=CONTEXT_DEPENDENT_SHAPE_REPRESENTATION(#2237,#2235) ;
#2251=CONTEXT_DEPENDENT_SHAPE_REPRESENTATION(#2252,#2250) ;
#563=SHAPE_REPRESENTATION_RELATIONSHIP(' ',' ',#54,#562) ;
#922=SHAPE_REPRESENTATION_RELATIONSHIP(' ',' ',#579,#921) ;
#1713=SHAPE_REPRESENTATION_RELATIONSHIP(' ',' ',#938,#1712) ;
#2084=SHAPE_REPRESENTATION_RELATIONSHIP(' ',' ',#1729,#2083) ;
#2188=SHAPE_REPRESENTATION_RELATIONSHIP(' ',' ',#2100,#2187) ;
#67=CYLINDRICAL_SURFACE('generated cylinder',#66,28.) ;
#169=CYLINDRICAL_SURFACE('generated cylinder',#168,28.) ;
#283=CYLINDRICAL_SURFACE('generated cylinder',#282,15.) ;
#420=CYLINDRICAL_SURFACE('generated cylinder',#419,15.) ;
#592=CYLINDRICAL_SURFACE('generated cylinder',#591,2.5) ;
#647=CYLINDRICAL_SURFACE('generated cylinder',#646,15.) ;
#783=CYLINDRICAL_SURFACE('generated cylinder',#782,3.) ;
#838=CYLINDRICAL_SURFACE('generated cylinder',#837,25.) ;
#951=CYLINDRICAL_SURFACE('generated cylinder',#950,15.) ;
#1071=CYLINDRICAL_SURFACE('generated cylinder',#1070,38.) ;
#1215=CYLINDRICAL_SURFACE('generated cylinder',#1214,44.) ;
#1421=CYLINDRICAL_SURFACE('generated cylinder',#1420,25.) ;
#1832=CYLINDRICAL_SURFACE('generated cylinder',#1831,25.) ;
#1861=CYLINDRICAL_SURFACE('generated cylinder',#1860,15.) ;
#1929=CYLINDRICAL_SURFACE('generated cylinder',#1928,2.5) ;
#2055=CYLINDRICAL_SURFACE('generated cylinder',#2054,3.) ;
#3=DESIGN_CONTEXT(' ',#1,'design') ;
#94=EDGE_CURVE('',#91,#93,#68,.T.) ;
#117=EDGE_CURVE('',#91,#93,#95,.T.) ;
#136=EDGE_CURVE('',#133,#135,#131,.T.) ;
#141=EDGE_CURVE('',#135,#133,#140,.T.) ;
#154=EDGE_CURVE('',#151,#153,#149,.T.) ;
#159=EDGE_CURVE('',#153,#151,#158,.T.) ;
#176=EDGE_CURVE('',#135,#175,#173,.T.) ;
#183=EDGE_CURVE('',#133,#182,#180,.T.) ;
#190=EDGE_CURVE('',#189,#182,#187,.T.) ;
#197=EDGE_CURVE('',#196,#189,#194,.T.) ;
#226=EDGE_CURVE('',#175,#196,#198,.T.) ;
#240=EDGE_CURVE('',#182,#189,#239,.T.) ;
#269=EDGE_CURVE('',#175,#196,#241,.T.) ;
#288=EDGE_CURVE('',#151,#93,#287,.T.) ;
#295=EDGE_CURVE('',#153,#294,#292,.T.) ;
#302=EDGE_CURVE('',#294,#301,#299,.T.) ;
#307=EDGE_CURVE('',#91,#301,#306,.T.) ;
#321=EDGE_CURVE('',#301,#294,#320,.T.) ;
#353=EDGE_CURVE('',#350,#352,#348,.T.) ;
#379=EDGE_CURVE('',#350,#352,#354,.T.) ;
#410=EDGE_CURVE('',#350,#352,#385,.T.) ;
#429=EDGE_CURVE('',#426,#428,#424,.T.) ;
#436=EDGE_CURVE('',#435,#428,#433,.T.) ;
#443=EDGE_CURVE('',#442,#435,#440,.T.) ;
#448=EDGE_CURVE('',#442,#426,#447,.T.) ;
#468=EDGE_CURVE('',#465,#467,#463,.T.) ;
#475=EDGE_CURVE('',#465,#474,#472,.T.) ;
#482=EDGE_CURVE('',#474,#481,#479,.T.) ;
#487=EDGE_CURVE('',#467,#481,#486,.T.) ;
#508=EDGE_CURVE('',#481,#467,#507,.T.) ;
#517=EDGE_CURVE('',#428,#426,#516,.T.) ;
#532=EDGE_CURVE('',#474,#465,#531,.T.) ;
#541=EDGE_CURVE('',#435,#442,#540,.T.) ;
#601=EDGE_CURVE('',#598,#600,#596,.F.) ;
#617=EDGE_CURVE('',#616,#600,#602,.T.) ;
#624=EDGE_CURVE('',#623,#616,#621,.F.) ;
#635=EDGE_CURVE('',#623,#598,#625,.T.) ;
#656=EDGE_CURVE('',#653,#655,#651,.T.) ;
#663=EDGE_CURVE('',#662,#655,#660,.T.) ;
#670=EDGE_CURVE('',#669,#662,#667,.T.) ;
#675=EDGE_CURVE('',#669,#653,#674,.T.) ;
#692=EDGE_CURVE('',#598,#623,#682,.T.) ;
#702=EDGE_CURVE('',#655,#653,#701,.T.) ;
#707=EDGE_CURVE('',#662,#669,#706,.T.) ;
#731=EDGE_CURVE('',#728,#730,#714,.T.) ;
#745=EDGE_CURVE('',#730,#728,#732,.T.) ;
#764=EDGE_CURVE('',#761,#763,#759,.T.) ;
#769=EDGE_CURVE('',#763,#761,#768,.T.) ;
#790=EDGE_CURVE('',#730,#789,#787,.T.) ;
#803=EDGE_CURVE('',#789,#802,#791,.T.) ;
#808=EDGE_CURVE('',#728,#802,#807,.T.) ;
#826=EDGE_CURVE('',#802,#789,#816,.T.) ;
#845=EDGE_CURVE('',#844,#761,#842,.T.) ;
#852=EDGE_CURVE('',#844,#851,#849,.T.) ;
#857=EDGE_CURVE('',#851,#763,#856,.T.) ;
#878=EDGE_CURVE('',#851,#844,#877,.T.) ;
#907=EDGE_CURVE('',#600,#616,#894,.T.) ;
#960=EDGE_CURVE('',#957,#959,#955,.F.) ;
#967=EDGE_CURVE('',#966,#959,#964,.T.) ;
#974=EDGE_CURVE('',#973,#966,#971,.F.) ;
#979=EDGE_CURVE('',#973,#957,#978,.T.) ;
#1000=EDGE_CURVE('',#997,#999,#995,.T.) ;
#1007=EDGE_CURVE('',#999,#1006,#1004,.T.) ;
#1014=EDGE_CURVE('',#1006,#1013,#1011,.F.) ;
#1019=EDGE_CURVE('',#1013,#997,#1018,.F.) ;
#1030=EDGE_CURVE('',#957,#973,#1029,.T.) ;
#1047=EDGE_CURVE('',#1046,#997,#1044,.T.) ;
#1054=EDGE_CURVE('',#1046,#1053,#1051,.T.) ;
#1059=EDGE_CURVE('',#1053,#999,#1058,.T.) ;
#1078=EDGE_CURVE('',#1053,#1077,#1075,.T.) ;
#1083=EDGE_CURVE('',#1077,#1006,#1082,.T.) ;
#1102=EDGE_CURVE('',#1077,#1101,#1099,.F.) ;
#1107=EDGE_CURVE('',#1013,#1101,#1106,.F.) ;
#1128=EDGE_CURVE('',#1125,#1127,#1123,.F.) ;
#1135=EDGE_CURVE('',#1134,#1125,#1132,.F.) ;
#1142=EDGE_CURVE('',#1141,#1134,#1139,.T.) ;
#1147=EDGE_CURVE('',#1127,#1141,#1146,.T.) ;
#1162=EDGE_CURVE('',#1159,#1161,#1157,.T.) ;
#1167=EDGE_CURVE('',#1161,#1159,#1166,.T.) ;
#1179=EDGE_CURVE('',#1178,#1161,#1176,.F.) ;
#1186=EDGE_CURVE('',#1185,#1178,#1183,.F.) ;
#1191=EDGE_CURVE('',#1185,#1159,#1190,.F.) ;
#1203=EDGE_CURVE('',#1178,#1185,#1202,.F.) ;
#1224=EDGE_CURVE('',#1221,#1223,#1219,.T.) ;
#1231=EDGE_CURVE('',#1221,#1230,#1228,.T.) ;
#1238=EDGE_CURVE('',#1230,#1237,#1235,.T.) ;
#1243=EDGE_CURVE('',#1223,#1237,#1242,.T.) ;
#1255=EDGE_CURVE('',#1230,#1221,#1254,.T.) ;
#1260=EDGE_CURVE('',#1237,#1223,#1259,.T.) ;
#1279=EDGE_CURVE('',#1221,#1278,#1276,.F.) ;
#1286=EDGE_CURVE('',#1278,#1285,#1283,.F.) ;
#1291=EDGE_CURVE('',#1285,#1230,#1290,.F.) ;
#1305=EDGE_CURVE('',#1230,#1304,#1302,.F.) ;
#1312=EDGE_CURVE('',#1304,#1311,#1309,.F.) ;
#1317=EDGE_CURVE('',#1311,#1221,#1316,.F.) ;
#1338=EDGE_CURVE('',#1335,#1337,#1333,.T.) ;
#1345=EDGE_CURVE('',#1337,#1344,#1342,.F.) ;
#1352=EDGE_CURVE('',#1344,#1351,#1349,.F.) ;
#1357=EDGE_CURVE('',#1351,#1285,#1356,.T.) ;
#1362=EDGE_CURVE('',#1335,#1278,#1361,.T.) ;
#1380=EDGE_CURVE('',#1351,#1125,#1379,.T.) ;
#1385=EDGE_CURVE('',#1344,#1134,#1384,.T.) ;
#1397=EDGE_CURVE('',#1337,#1141,#1396,.F.) ;
#1409=EDGE_CURVE('',#1127,#1335,#1408,.F.) ;
#1430=EDGE_CURVE('',#1427,#1429,#1425,.F.) ;
#1437=EDGE_CURVE('',#1436,#1429,#1434,.F.) ;
#1444=EDGE_CURVE('',#1436,#1443,#1441,.T.) ;
#1449=EDGE_CURVE('',#1443,#1427,#1448,.F.) ;
#1466=EDGE_CURVE('',#1125,#1013,#1465,.F.) ;
#1471=EDGE_CURVE('',#1101,#1304,#1470,.T.) ;
#1491=EDGE_CURVE('',#1046,#1311,#1490,.T.) ;
#1496=EDGE_CURVE('',#997,#1127,#1495,.F.) ;
#1524=EDGE_CURVE('',#959,#966,#1523,.T.) ;
#1545=EDGE_CURVE('',#1542,#1544,#1540,.T.) ;
#1550=EDGE_CURVE('',#1542,#1427,#1549,.F.) ;
#1555=EDGE_CURVE('',#1443,#1544,#1554,.T.) ;
#1571=EDGE_CURVE('',#1568,#1570,#1566,.T.) ;
#1576=EDGE_CURVE('',#1570,#1436,#1575,.T.) ;
#1581=EDGE_CURVE('',#1429,#1568,#1580,.F.) ;
#1604=EDGE_CURVE('',#1603,#1542,#1601,.F.) ;
#1611=EDGE_CURVE('',#1610,#1603,#1608,.F.) ;
#1616=EDGE_CURVE('',#1568,#1610,#1615,.F.) ;
#1643=EDGE_CURVE('',#1570,#1642,#1640,.F.) ;
#1650=EDGE_CURVE('',#1642,#1649,#1647,.F.) ;
#1655=EDGE_CURVE('',#1649,#1544,#1654,.F.) ;
#1674=EDGE_CURVE('',#1610,#1642,#1673,.T.) ;
#1679=EDGE_CURVE('',#1603,#1649,#1678,.T.) ;
#1751=EDGE_CURVE('',#1748,#1750,#1746,.T.) ;
#1756=EDGE_CURVE('',#1750,#1748,#1755,.T.) ;
#1775=EDGE_CURVE('',#1772,#1774,#1770,.T.) ;
#1780=EDGE_CURVE('',#1774,#1772,#1779,.T.) ;
#1793=EDGE_CURVE('',#1790,#1792,#1788,.T.) ;
#1798=EDGE_CURVE('',#1792,#1790,#1797,.T.) ;
#1817=EDGE_CURVE('',#1814,#1816,#1812,.T.) ;
#1822=EDGE_CURVE('',#1816,#1814,#1821,.T.) ;
#1837=EDGE_CURVE('',#1772,#1816,#1836,.F.) ;
#1842=EDGE_CURVE('',#1774,#1814,#1841,.F.) ;
#1866=EDGE_CURVE('',#1792,#1750,#1865,.T.) ;
#1871=EDGE_CURVE('',#1790,#1748,#1870,.T.) ;
#1889=EDGE_CURVE('',#1886,#1888,#1878,.T.) ;
#1899=EDGE_CURVE('',#1898,#1886,#1890,.T.) ;
#1909=EDGE_CURVE('',#1908,#1898,#1900,.T.) ;
#1917=EDGE_CURVE('',#1888,#1908,#1910,.T.) ;
#1936=EDGE_CURVE('',#1935,#1886,#1933,.F.) ;
#1943=EDGE_CURVE('',#1935,#1942,#1940,.T.) ;
#1948=EDGE_CURVE('',#1942,#1908,#1947,.F.) ;
#1961=EDGE_CURVE('',#1942,#1935,#1960,.T.) ;
#1987=EDGE_CURVE('',#1984,#1986,#1976,.T.) ;
#1997=EDGE_CURVE('',#1996,#1984,#1988,.T.) ;
#2007=EDGE_CURVE('',#2006,#1996,#1998,.T.) ;
#2015=EDGE_CURVE('',#1986,#2006,#2008,.T.) ;
#2036=EDGE_CURVE('',#2033,#2035,#2031,.T.) ;
#2041=EDGE_CURVE('',#2035,#2033,#2040,.T.) ;
#2060=EDGE_CURVE('',#2035,#1984,#2059,.T.) ;
#2065=EDGE_CURVE('',#2033,#2006,#2064,.T.) ;
#2122=EDGE_CURVE('',#2119,#2121,#2117,.T.) ;
#2129=EDGE_CURVE('',#2119,#2128,#2126,.F.) ;
#2136=EDGE_CURVE('',#2128,#2135,#2133,.T.) ;
#2141=EDGE_CURVE('',#2121,#2135,#2140,.F.) ;
#2153=EDGE_CURVE('',#2121,#2119,#2152,.T.) ;
#2158=EDGE_CURVE('',#2135,#2128,#2157,.T.) ;
#118=EDGE_LOOP('',(#119,#120)) ;
#142=EDGE_LOOP('',(#143,#144)) ;
#160=EDGE_LOOP('',(#161,#162)) ;
#227=EDGE_LOOP('',(#228,#229,#230,#231,#232,#233)) ;
#270=EDGE_LOOP('',(#271,#272,#273,#274,#275,#276)) ;
#308=EDGE_LOOP('',(#309,#310,#311,#312,#313,#314)) ;
#322=EDGE_LOOP('',(#323,#324,#325,#326,#327,#328)) ;
#336=EDGE_LOOP('',(#337,#338)) ;
#340=EDGE_LOOP('',(#341,#342)) ;
#380=EDGE_LOOP('',(#381,#382)) ;
#411=EDGE_LOOP('',(#412,#413)) ;
#449=EDGE_LOOP('',(#450,#451,#452,#453)) ;
#455=EDGE_LOOP('',(#456,#457)) ;
#488=EDGE_LOOP('',(#489,#490,#491,#492)) ;
#494=EDGE_LOOP('',(#495,#496)) ;
#509=EDGE_LOOP('',(#510,#511)) ;
#518=EDGE_LOOP('',(#519,#520)) ;
#533=EDGE_LOOP('',(#534,#535)) ;
#542=EDGE_LOOP('',(#543,#544)) ;
#547=EDGE_LOOP('',(#548,#549,#550,#551)) ;
#554=EDGE_LOOP('',(#555,#556,#557,#558)) ;
#636=EDGE_LOOP('',(#637,#638,#639,#640)) ;
#676=EDGE_LOOP('',(#677,#678,#679,#680)) ;
#693=EDGE_LOOP('',(#694,#695)) ;
#708=EDGE_LOOP('',(#709,#710,#711,#712)) ;
#746=EDGE_LOOP('',(#747,#748)) ;
#770=EDGE_LOOP('',(#771,#772)) ;
#774=EDGE_LOOP('',(#775,#776)) ;
#809=EDGE_LOOP('',(#810,#811,#812,#813)) ;
#827=EDGE_LOOP('',(#828,#829,#830,#831)) ;
#858=EDGE_LOOP('',(#859,#860,#861,#862)) ;
#864=EDGE_LOOP('',(#865,#866)) ;
#879=EDGE_LOOP('',(#880,#881)) ;
#883=EDGE_LOOP('',(#884,#885)) ;
#888=EDGE_LOOP('',(#889,#890,#891,#892)) ;
#908=EDGE_LOOP('',(#909,#910)) ;
#913=EDGE_LOOP('',(#914,#915,#916,#917)) ;
#980=EDGE_LOOP('',(#981,#982,#983,#984)) ;
#1020=EDGE_LOOP('',(#1021,#1022,#1023,#1024)) ;
#1031=EDGE_LOOP('',(#1032,#1033)) ;
#1060=EDGE_LOOP('',(#1061,#1062,#1063,#1064)) ;
#1084=EDGE_LOOP('',(#1085,#1086,#1087,#1088)) ;
#1108=EDGE_LOOP('',(#1109,#1110,#1111,#1112)) ;
#1148=EDGE_LOOP('',(#1149,#1150,#1151,#1152)) ;
#1168=EDGE_LOOP('',(#1169,#1170)) ;
#1192=EDGE_LOOP('',(#1193,#1194,#1195,#1196)) ;
#1204=EDGE_LOOP('',(#1205,#1206,#1207,#1208)) ;
#1244=EDGE_LOOP('',(#1245,#1246,#1247,#1248)) ;
#1261=EDGE_LOOP('',(#1262,#1263,#1264,#1265)) ;
#1292=EDGE_LOOP('',(#1293,#1294,#1295,#1296)) ;
#1318=EDGE_LOOP('',(#1319,#1320,#1321,#1322)) ;
#1363=EDGE_LOOP('',(#1364,#1365,#1366,#1367,#1368,#1369)) ;
#1371=EDGE_LOOP('',(#1372,#1373)) ;
#1386=EDGE_LOOP('',(#1387,#1388,#1389,#1390)) ;
#1398=EDGE_LOOP('',(#1399,#1400,#1401,#1402)) ;
#1410=EDGE_LOOP('',(#1411,#1412,#1413,#1414)) ;
#1450=EDGE_LOOP('',(#1451,#1452,#1453,#1454)) ;
#1472=EDGE_LOOP('',(#1473,#1474,#1475,#1476,#1477,#1478,#1479)) ;
#1497=EDGE_LOOP('',(#1498,#1499,#1500,#1501,#1502,#1503,#1504)) ;
#1512=EDGE_LOOP('',(#1513,#1514,#1515,#1516,#1517,#1518)) ;
#1525=EDGE_LOOP('',(#1526,#1527)) ;
#1530=EDGE_LOOP('',(#1531,#1532,#1533,#1534)) ;
#1556=EDGE_LOOP('',(#1557,#1558,#1559,#1560)) ;
#1582=EDGE_LOOP('',(#1583,#1584,#1585,#1586)) ;
#1594=EDGE_LOOP('',(#1595,#1596)) ;
#1617=EDGE_LOOP('',(#1618,#1619,#1620,#1621,#1622,#1623)) ;
#1631=EDGE_LOOP('',(#1632,#1633,#1634,#1635)) ;
#1656=EDGE_LOOP('',(#1657,#1658,#1659,#1660,#1661,#1662)) ;
#1680=EDGE_LOOP('',(#1681,#1682,#1683,#1684)) ;
#1692=EDGE_LOOP('',(#1693,#1694,#1695,#1696)) ;
#1704=EDGE_LOOP('',(#1705,#1706,#1707,#1708)) ;
#1757=EDGE_LOOP('',(#1758,#1759)) ;
#1781=EDGE_LOOP('',(#1782,#1783)) ;
#1799=EDGE_LOOP('',(#1800,#1801)) ;
#1823=EDGE_LOOP('',(#1824,#1825)) ;
#1843=EDGE_LOOP('',(#1844,#1845,#1846,#1847)) ;
#1850=EDGE_LOOP('',(#1851,#1852,#1853,#1854)) ;
#1872=EDGE_LOOP('',(#1873,#1874,#1875,#1876)) ;
#1918=EDGE_LOOP('',(#1919,#1920,#1921,#1922)) ;
#1949=EDGE_LOOP('',(#1950,#1951,#1952,#1953,#1954)) ;
#1962=EDGE_LOOP('',(#1963,#1964,#1965,#1966,#1967)) ;
#1970=EDGE_LOOP('',(#1971,#1972,#1973,#1974)) ;
#2016=EDGE_LOOP('',(#2017,#2018,#2019,#2020)) ;
#2042=EDGE_LOOP('',(#2043,#2044)) ;
#2046=EDGE_LOOP('',(#2047,#2048)) ;
#2066=EDGE_LOOP('',(#2067,#2068,#2069,#2070,#2071)) ;
#2074=EDGE_LOOP('',(#2075,#2076,#2077,#2078,#2079)) ;
#2142=EDGE_LOOP('',(#2143,#2144,#2145,#2146)) ;
#2159=EDGE_LOOP('',(#2160,#2161,#2162,#2163)) ;
#2171=EDGE_LOOP('',(#2172,#2173)) ;
#2181=EDGE_LOOP('',(#2182,#2183)) ;
#121=FACE_OUTER_BOUND('',#118,.T.) ;
#145=FACE_OUTER_BOUND('',#142,.T.) ;
#234=FACE_OUTER_BOUND('',#227,.T.) ;
#277=FACE_OUTER_BOUND('',#270,.T.) ;
#315=FACE_OUTER_BOUND('',#308,.T.) ;
#329=FACE_OUTER_BOUND('',#322,.T.) ;
#339=FACE_OUTER_BOUND('',#336,.T.) ;
#383=FACE_OUTER_BOUND('',#380,.T.) ;
#414=FACE_OUTER_BOUND('',#411,.T.) ;
#454=FACE_OUTER_BOUND('',#449,.T.) ;
#493=FACE_OUTER_BOUND('',#488,.T.) ;
#512=FACE_OUTER_BOUND('',#509,.T.) ;
#536=FACE_OUTER_BOUND('',#533,.T.) ;
#552=FACE_OUTER_BOUND('',#547,.T.) ;
#559=FACE_OUTER_BOUND('',#554,.T.) ;
#641=FACE_OUTER_BOUND('',#636,.T.) ;
#681=FACE_OUTER_BOUND('',#676,.T.) ;
#713=FACE_OUTER_BOUND('',#708,.T.) ;
#773=FACE_OUTER_BOUND('',#770,.T.) ;
#814=FACE_OUTER_BOUND('',#809,.T.) ;
#832=FACE_OUTER_BOUND('',#827,.T.) ;
#863=FACE_OUTER_BOUND('',#858,.T.) ;
#882=FACE_OUTER_BOUND('',#879,.T.) ;
#893=FACE_OUTER_BOUND('',#888,.T.) ;
#918=FACE_OUTER_BOUND('',#913,.T.) ;
#985=FACE_OUTER_BOUND('',#980,.T.) ;
#1025=FACE_OUTER_BOUND('',#1020,.T.) ;
#1065=FACE_OUTER_BOUND('',#1060,.T.) ;
#1089=FACE_OUTER_BOUND('',#1084,.T.) ;
#1113=FACE_OUTER_BOUND('',#1108,.T.) ;
#1153=FACE_OUTER_BOUND('',#1148,.T.) ;
#1197=FACE_OUTER_BOUND('',#1192,.T.) ;
#1209=FACE_OUTER_BOUND('',#1204,.T.) ;
#1249=FACE_OUTER_BOUND('',#1244,.T.) ;
#1266=FACE_OUTER_BOUND('',#1261,.T.) ;
#1297=FACE_OUTER_BOUND('',#1292,.T.) ;
#1323=FACE_OUTER_BOUND('',#1318,.T.) ;
#1370=FACE_OUTER_BOUND('',#1363,.T.) ;
#1391=FACE_OUTER_BOUND('',#1386,.T.) ;
#1403=FACE_OUTER_BOUND('',#1398,.T.) ;
#1415=FACE_OUTER_BOUND('',#1410,.T.) ;
#1455=FACE_OUTER_BOUND('',#1450,.T.) ;
#1480=FACE_OUTER_BOUND('',#1472,.T.) ;
#1505=FACE_OUTER_BOUND('',#1497,.T.) ;
#1519=FACE_OUTER_BOUND('',#1512,.T.) ;
#1535=FACE_OUTER_BOUND('',#1530,.T.) ;
#1561=FACE_OUTER_BOUND('',#1556,.T.) ;
#1587=FACE_OUTER_BOUND('',#1582,.T.) ;
#1597=FACE_OUTER_BOUND('',#1594,.T.) ;
#1636=FACE_OUTER_BOUND('',#1631,.T.) ;
#1685=FACE_OUTER_BOUND('',#1680,.T.) ;
#1697=FACE_OUTER_BOUND('',#1692,.T.) ;
#1709=FACE_OUTER_BOUND('',#1704,.T.) ;
#1760=FACE_OUTER_BOUND('',#1757,.T.) ;
#1784=FACE_OUTER_BOUND('',#1781,.T.) ;
#1826=FACE_OUTER_BOUND('',#1823,.T.) ;
#1848=FACE_OUTER_BOUND('',#1843,.T.) ;
#1855=FACE_OUTER_BOUND('',#1850,.T.) ;
#1877=FACE_OUTER_BOUND('',#1872,.T.) ;
#1955=FACE_OUTER_BOUND('',#1949,.T.) ;
#1968=FACE_OUTER_BOUND('',#1962,.T.) ;
#1975=FACE_OUTER_BOUND('',#1970,.T.) ;
#2045=FACE_OUTER_BOUND('',#2042,.T.) ;
#2072=FACE_OUTER_BOUND('',#2066,.T.) ;
#2080=FACE_OUTER_BOUND('',#2074,.T.) ;
#2147=FACE_OUTER_BOUND('',#2142,.T.) ;
#2164=FACE_OUTER_BOUND('',#2159,.T.) ;
#2174=FACE_OUTER_BOUND('',#2171,.T.) ;
#2184=FACE_OUTER_BOUND('',#2181,.T.) ;
#50=UNCERTAINTY_MEASURE_WITH_UNIT(LENGTH_MEASURE(0.005),#46,'distance_accuracy_value','CONFUSED CURVE UNCERTAINTY') ;
#52=UNCERTAINTY_MEASURE_WITH_UNIT(LENGTH_MEASURE(0.005),#46,'distance_accuracy_value','CONFUSED CURVE UNCERTAINTY') ;
#577=UNCERTAINTY_MEASURE_WITH_UNIT(LENGTH_MEASURE(0.005),#46,'distance_accuracy_value','CONFUSED CURVE UNCERTAINTY') ;
#936=UNCERTAINTY_MEASURE_WITH_UNIT(LENGTH_MEASURE(0.005),#46,'distance_accuracy_value','CONFUSED CURVE UNCERTAINTY') ;
#1727=UNCERTAINTY_MEASURE_WITH_UNIT(LENGTH_MEASURE(0.005),#46,'distance_accuracy_value','CONFUSED CURVE UNCERTAINTY') ;
#2098=UNCERTAINTY_MEASURE_WITH_UNIT(LENGTH_MEASURE(0.005),#46,'distance_accuracy_value','CONFUSED CURVE UNCERTAINTY') ;
#2202=UNCERTAINTY_MEASURE_WITH_UNIT(LENGTH_MEASURE(0.005),#46,'distance_accuracy_value','CONFUSED CURVE UNCERTAINTY') ;
#2217=UNCERTAINTY_MEASURE_WITH_UNIT(LENGTH_MEASURE(0.005),#46,'distance_accuracy_value','CONFUSED CURVE UNCERTAINTY') ;
#2232=UNCERTAINTY_MEASURE_WITH_UNIT(LENGTH_MEASURE(0.005),#46,'distance_accuracy_value','CONFUSED CURVE UNCERTAINTY') ;
#2247=UNCERTAINTY_MEASURE_WITH_UNIT(LENGTH_MEASURE(0.005),#46,'distance_accuracy_value','CONFUSED CURVE UNCERTAINTY') ;
#173=LINE('Line',#170,#172) ;
#180=LINE('Line',#177,#179) ;
#194=LINE('Line',#191,#193) ;
#287=LINE('Line',#284,#286) ;
#292=LINE('Line',#289,#291) ;
#306=LINE('Line',#303,#305) ;
#348=LINE('Line',#345,#347) ;
#433=LINE('Line',#430,#432) ;
#447=LINE('Line',#444,#446) ;
#463=LINE('Line',#460,#462) ;
#479=LINE('Line',#476,#478) ;
#596=LINE('Line',#593,#595) ;
#621=LINE('Line',#618,#620) ;
#660=LINE('Line',#657,#659) ;
#674=LINE('Line',#671,#673) ;
#787=LINE('Line',#784,#786) ;
#807=LINE('Line',#804,#806) ;
#842=LINE('Line',#839,#841) ;
#856=LINE('Line',#853,#855) ;
#955=LINE('Line',#952,#954) ;
#971=LINE('Line',#968,#970) ;
#995=LINE('Line',#992,#994) ;
#1011=LINE('Line',#1008,#1010) ;
#1018=LINE('Line',#1015,#1017) ;
#1044=LINE('Line',#1041,#1043) ;
#1051=LINE('Line',#1048,#1050) ;
#1058=LINE('Line',#1055,#1057) ;
#1082=LINE('Line',#1079,#1081) ;
#1099=LINE('Line',#1096,#1098) ;
#1106=LINE('Line',#1103,#1105) ;
#1123=LINE('Line',#1120,#1122) ;
#1132=LINE('Line',#1129,#1131) ;
#1146=LINE('Line',#1143,#1145) ;
#1176=LINE('Line',#1173,#1175) ;
#1190=LINE('Line',#1187,#1189) ;
#1219=LINE('Line',#1216,#1218) ;
#1235=LINE('Line',#1232,#1234) ;
#1276=LINE('Line',#1273,#1275) ;
#1283=LINE('Line',#1280,#1282) ;
#1290=LINE('Line',#1287,#1289) ;
#1302=LINE('Line',#1299,#1301) ;
#1309=LINE('Line',#1306,#1308) ;
#1316=LINE('Line',#1313,#1315) ;
#1333=LINE('Line',#1330,#1332) ;
#1349=LINE('Line',#1346,#1348) ;
#1356=LINE('Line',#1353,#1355) ;
#1361=LINE('Line',#1358,#1360) ;
#1379=LINE('Line',#1376,#1378) ;
#1384=LINE('Line',#1381,#1383) ;
#1396=LINE('Line',#1393,#1395) ;
#1408=LINE('Line',#1405,#1407) ;
#1434=LINE('Line',#1431,#1433) ;
#1448=LINE('Line',#1445,#1447) ;
#1465=LINE('Line',#1462,#1464) ;
#1470=LINE('Line',#1467,#1469) ;
#1490=LINE('Line',#1487,#1489) ;
#1495=LINE('Line',#1492,#1494) ;
#1540=LINE('Line',#1537,#1539) ;
#1566=LINE('Line',#1563,#1565) ;
#1601=LINE('Line',#1598,#1600) ;
#1608=LINE('Line',#1605,#1607) ;
#1615=LINE('Line',#1612,#1614) ;
#1640=LINE('Line',#1637,#1639) ;
#1647=LINE('Line',#1644,#1646) ;
#1654=LINE('Line',#1651,#1653) ;
#1673=LINE('Line',#1670,#1672) ;
#1678=LINE('Line',#1675,#1677) ;
#1836=LINE('Line',#1833,#1835) ;
#1841=LINE('Line',#1838,#1840) ;
#1865=LINE('Line',#1862,#1864) ;
#1870=LINE('Line',#1867,#1869) ;
#1933=LINE('Line',#1930,#1932) ;
#1947=LINE('Line',#1944,#1946) ;
#2059=LINE('Line',#2056,#2058) ;
#2064=LINE('Line',#2061,#2063) ;
#2126=LINE('Line',#2123,#2125) ;
#2140=LINE('Line',#2137,#2139) ;
#2=MECHANICAL_CONTEXT(' ',#1,'mechanical') ;
#564=NEXT_ASSEMBLY_USAGE_OCCURRENCE('Centre Block.1','Centre Block.1','',#17,#58,' ') ;
#923=NEXT_ASSEMBLY_USAGE_OCCURRENCE('Collar.1','Collar.1','',#17,#583,' ') ;
#1714=NEXT_ASSEMBLY_USAGE_OCCURRENCE('Fork.1','Fork.1','',#17,#942,' ') ;
#2085=NEXT_ASSEMBLY_USAGE_OCCURRENCE('Pin.1','Pin.1','',#17,#1733,' ') ;
#2189=NEXT_ASSEMBLY_USAGE_OCCURRENCE('Taper Pin.1','Taper Pin.1','',#17,#2104,' ') ;
#2204=NEXT_ASSEMBLY_USAGE_OCCURRENCE('Fork.2','Fork.2','',#17,#942,' ') ;
#2219=NEXT_ASSEMBLY_USAGE_OCCURRENCE('Taper Pin.2','Taper Pin.2','',#17,#2104,' ') ;
#2234=NEXT_ASSEMBLY_USAGE_OCCURRENCE('Pin.2','Pin.2','',#17,#1733,' ') ;
#2249=NEXT_ASSEMBLY_USAGE_OCCURRENCE('Collar.2','Collar.2','',#17,#583,' ') ;
#27=PERSONAL_ADDRESS(' ',' ',' ',' ',' ',' ',' ',' ',' ',' ',' ',' ',(#25),' ') ;
#127=PLANE('',#126) ;
#335=PLANE('',#334) ;
#503=PLANE('',#502) ;
#527=PLANE('',#526) ;
#755=PLANE('',#754) ;
#873=PLANE('',#872) ;
#991=PLANE('',#990) ;
#1040=PLANE('',#1039) ;
#1095=PLANE('',#1094) ;
#1119=PLANE('',#1118) ;
#1272=PLANE('',#1271) ;
#1329=PLANE('',#1328) ;
#1461=PLANE('',#1460) ;
#1486=PLANE('',#1485) ;
#1511=PLANE('',#1510) ;
#1593=PLANE('',#1592) ;
#1630=PLANE('',#1629) ;
#1669=PLANE('',#1668) ;
#1691=PLANE('',#1690) ;
#1703=PLANE('',#1702) ;
#1742=PLANE('',#1741) ;
#1766=PLANE('',#1765) ;
#1808=PLANE('',#1807) ;
#2027=PLANE('',#2026) ;
#2170=PLANE('',#2169) ;
#2180=PLANE('',#2179) ;
#48=PLANE_ANGLE_MEASURE_WITH_UNIT(PLANE_ANGLE_MEASURE(0.0174532925199),#47) ;
#7=PRODUCT_CATEGORY('part',$) ;
#14=PRODUCT_CATEGORY('part',$) ;
#9=PRODUCT_CATEGORY_RELATIONSHIP(' ',' ',#7,#8) ;
#16=PRODUCT_CATEGORY_RELATIONSHIP(' ',' ',#14,#15) ;
#6=PRODUCT_DEFINITION_FORMATION_WITH_SPECIFIED_SOURCE('',' ',#5,.NOT_KNOWN.) ;
#57=PRODUCT_DEFINITION_FORMATION_WITH_SPECIFIED_SOURCE('',' ',#56,.NOT_KNOWN.) ;
#582=PRODUCT_DEFINITION_FORMATION_WITH_SPECIFIED_SOURCE('',' ',#581,.NOT_KNOWN.) ;
#941=PRODUCT_DEFINITION_FORMATION_WITH_SPECIFIED_SOURCE('',' ',#940,.NOT_KNOWN.) ;
#1732=PRODUCT_DEFINITION_FORMATION_WITH_SPECIFIED_SOURCE('',' ',#1731,.NOT_KNOWN.) ;
#2103=PRODUCT_DEFINITION_FORMATION_WITH_SPECIFIED_SOURCE('',' ',#2102,.NOT_KNOWN.) ;
#58=PRODUCT_DEFINITION_WITH_ASSOCIATED_DOCUMENTS('',' ',#57,#3,(#60)) ;
#583=PRODUCT_DEFINITION_WITH_ASSOCIATED_DOCUMENTS('',' ',#582,#3,(#585)) ;
#942=PRODUCT_DEFINITION_WITH_ASSOCIATED_DOCUMENTS('',' ',#941,#3,(#944)) ;
#1733=PRODUCT_DEFINITION_WITH_ASSOCIATED_DOCUMENTS('',' ',#1732,#3,(#1735)) ;
#2104=PRODUCT_DEFINITION_WITH_ASSOCIATED_DOCUMENTS('',' ',#2103,#3,(#2106)) ;
#8=PRODUCT_RELATED_PRODUCT_CATEGORY('detail',$,(#56,#581,#940,#1731,#2102)) ;
#15=PRODUCT_RELATED_PRODUCT_CATEGORY('part',$,(#5)) ;
#43=SHAPE_DEFINITION_REPRESENTATION(#45,#44) ;
#55=SHAPE_DEFINITION_REPRESENTATION(#61,#54) ;
#580=SHAPE_DEFINITION_REPRESENTATION(#586,#579) ;
#939=SHAPE_DEFINITION_REPRESENTATION(#945,#938) ;
#1730=SHAPE_DEFINITION_REPRESENTATION(#1736,#1729) ;
#2101=SHAPE_DEFINITION_REPRESENTATION(#2107,#2100) ;
#91=VERTEX_POINT('',#90) ;
#93=VERTEX_POINT('',#92) ;
#133=VERTEX_POINT('',#132) ;
#135=VERTEX_POINT('',#134) ;
#151=VERTEX_POINT('',#150) ;
#153=VERTEX_POINT('',#152) ;
#175=VERTEX_POINT('',#174) ;
#182=VERTEX_POINT('',#181) ;
#189=VERTEX_POINT('',#188) ;
#196=VERTEX_POINT('',#195) ;
#294=VERTEX_POINT('',#293) ;
#301=VERTEX_POINT('',#300) ;
#350=VERTEX_POINT('',#349) ;
#352=VERTEX_POINT('',#351) ;
#426=VERTEX_POINT('',#425) ;
#428=VERTEX_POINT('',#427) ;
#435=VERTEX_POINT('',#434) ;
#442=VERTEX_POINT('',#441) ;
#465=VERTEX_POINT('',#464) ;
#467=VERTEX_POINT('',#466) ;
#474=VERTEX_POINT('',#473) ;
#481=VERTEX_POINT('',#480) ;
#598=VERTEX_POINT('',#597) ;
#600=VERTEX_POINT('',#599) ;
#616=VERTEX_POINT('',#615) ;
#623=VERTEX_POINT('',#622) ;
#653=VERTEX_POINT('',#652) ;
#655=VERTEX_POINT('',#654) ;
#662=VERTEX_POINT('',#661) ;
#669=VERTEX_POINT('',#668) ;
#728=VERTEX_POINT('',#727) ;
#730=VERTEX_POINT('',#729) ;
#761=VERTEX_POINT('',#760) ;
#763=VERTEX_POINT('',#762) ;
#789=VERTEX_POINT('',#788) ;
#802=VERTEX_POINT('',#801) ;
#844=VERTEX_POINT('',#843) ;
#851=VERTEX_POINT('',#850) ;
#957=VERTEX_POINT('',#956) ;
#959=VERTEX_POINT('',#958) ;
#966=VERTEX_POINT('',#965) ;
#973=VERTEX_POINT('',#972) ;
#997=VERTEX_POINT('',#996) ;
#999=VERTEX_POINT('',#998) ;
#1006=VERTEX_POINT('',#1005) ;
#1013=VERTEX_POINT('',#1012) ;
#1046=VERTEX_POINT('',#1045) ;
#1053=VERTEX_POINT('',#1052) ;
#1077=VERTEX_POINT('',#1076) ;
#1101=VERTEX_POINT('',#1100) ;
#1125=VERTEX_POINT('',#1124) ;
#1127=VERTEX_POINT('',#1126) ;
#1134=VERTEX_POINT('',#1133) ;
#1141=VERTEX_POINT('',#1140) ;
#1159=VERTEX_POINT('',#1158) ;
#1161=VERTEX_POINT('',#1160) ;
#1178=VERTEX_POINT('',#1177) ;
#1185=VERTEX_POINT('',#1184) ;
#1221=VERTEX_POINT('',#1220) ;
#1223=VERTEX_POINT('',#1222) ;
#1230=VERTEX_POINT('',#1229) ;
#1237=VERTEX_POINT('',#1236) ;
#1278=VERTEX_POINT('',#1277) ;
#1285=VERTEX_POINT('',#1284) ;
#1304=VERTEX_POINT('',#1303) ;
#1311=VERTEX_POINT('',#1310) ;
#1335=VERTEX_POINT('',#1334) ;
#1337=VERTEX_POINT('',#1336) ;
#1344=VERTEX_POINT('',#1343) ;
#1351=VERTEX_POINT('',#1350) ;
#1427=VERTEX_POINT('',#1426) ;
#1429=VERTEX_POINT('',#1428) ;
#1436=VERTEX_POINT('',#1435) ;
#1443=VERTEX_POINT('',#1442) ;
#1542=VERTEX_POINT('',#1541) ;
#1544=VERTEX_POINT('',#1543) ;
#1568=VERTEX_POINT('',#1567) ;
#1570=VERTEX_POINT('',#1569) ;
#1603=VERTEX_POINT('',#1602) ;
#1610=VERTEX_POINT('',#1609) ;
#1642=VERTEX_POINT('',#1641) ;
#1649=VERTEX_POINT('',#1648) ;
#1748=VERTEX_POINT('',#1747) ;
#1750=VERTEX_POINT('',#1749) ;
#1772=VERTEX_POINT('',#1771) ;
#1774=VERTEX_POINT('',#1773) ;
#1790=VERTEX_POINT('',#1789) ;
#1792=VERTEX_POINT('',#1791) ;
#1814=VERTEX_POINT('',#1813) ;
#1816=VERTEX_POINT('',#1815) ;
#1886=VERTEX_POINT('',#1885) ;
#1888=VERTEX_POINT('',#1887) ;
#1898=VERTEX_POINT('',#1897) ;
#1908=VERTEX_POINT('',#1907) ;
#1935=VERTEX_POINT('',#1934) ;
#1942=VERTEX_POINT('',#1941) ;
#1984=VERTEX_POINT('',#1983) ;
#1986=VERTEX_POINT('',#1985) ;
#1996=VERTEX_POINT('',#1995) ;
#2006=VERTEX_POINT('',#2005) ;
#2033=VERTEX_POINT('',#2032) ;
#2035=VERTEX_POINT('',#2034) ;
#2119=VERTEX_POINT('',#2118) ;
#2121=VERTEX_POINT('',#2120) ;
#2128=VERTEX_POINT('',#2127) ;
#2135=VERTEX_POINT('',#2134) ;
#46=(LENGTH_UNIT()NAMED_UNIT(*)SI_UNIT(.MILLI.,.METRE.)) ;
#47=(NAMED_UNIT(*)PLANE_ANGLE_UNIT()SI_UNIT($,.RADIAN.)) ;
#49=(NAMED_UNIT(*)SI_UNIT($,.STERADIAN.)SOLID_ANGLE_UNIT()) ;
#51=(GEOMETRIC_REPRESENTATION_CONTEXT(3)GLOBAL_UNCERTAINTY_ASSIGNED_CONTEXT((#50))GLOBAL_UNIT_ASSIGNED_CONTEXT((#46,#47,#49))REPRESENTATION_CONTEXT(' ',' ')) ;
#53=(GEOMETRIC_REPRESENTATION_CONTEXT(3)GLOBAL_UNCERTAINTY_ASSIGNED_CONTEXT((#52))GLOBAL_UNIT_ASSIGNED_CONTEXT((#46,#47,#49))REPRESENTATION_CONTEXT(' ',' ')) ;
#578=(GEOMETRIC_REPRESENTATION_CONTEXT(3)GLOBAL_UNCERTAINTY_ASSIGNED_CONTEXT((#577))GLOBAL_UNIT_ASSIGNED_CONTEXT((#46,#47,#49))REPRESENTATION_CONTEXT(' ',' ')) ;
#937=(GEOMETRIC_REPRESENTATION_CONTEXT(3)GLOBAL_UNCERTAINTY_ASSIGNED_CONTEXT((#936))GLOBAL_UNIT_ASSIGNED_CONTEXT((#46,#47,#49))REPRESENTATION_CONTEXT(' ',' ')) ;
#1728=(GEOMETRIC_REPRESENTATION_CONTEXT(3)GLOBAL_UNCERTAINTY_ASSIGNED_CONTEXT((#1727))GLOBAL_UNIT_ASSIGNED_CONTEXT((#46,#47,#49))REPRESENTATION_CONTEXT(' ',' ')) ;
#2099=(GEOMETRIC_REPRESENTATION_CONTEXT(3)GLOBAL_UNCERTAINTY_ASSIGNED_CONTEXT((#2098))GLOBAL_UNIT_ASSIGNED_CONTEXT((#46,#47,#49))REPRESENTATION_CONTEXT(' ',' ')) ;
#2203=(GEOMETRIC_REPRESENTATION_CONTEXT(3)GLOBAL_UNCERTAINTY_ASSIGNED_CONTEXT((#2202))GLOBAL_UNIT_ASSIGNED_CONTEXT((#46,#47,#49))REPRESENTATION_CONTEXT(' ',' ')) ;
#2218=(GEOMETRIC_REPRESENTATION_CONTEXT(3)GLOBAL_UNCERTAINTY_ASSIGNED_CONTEXT((#2217))GLOBAL_UNIT_ASSIGNED_CONTEXT((#46,#47,#49))REPRESENTATION_CONTEXT(' ',' ')) ;
#2233=(GEOMETRIC_REPRESENTATION_CONTEXT(3)GLOBAL_UNCERTAINTY_ASSIGNED_CONTEXT((#2232))GLOBAL_UNIT_ASSIGNED_CONTEXT((#46,#47,#49))REPRESENTATION_CONTEXT(' ',' ')) ;
#2248=(GEOMETRIC_REPRESENTATION_CONTEXT(3)GLOBAL_UNCERTAINTY_ASSIGNED_CONTEXT((#2247))GLOBAL_UNIT_ASSIGNED_CONTEXT((#46,#47,#49))REPRESENTATION_CONTEXT(' ',' ')) ;
#567=(REPRESENTATION_RELATIONSHIP(' ',' ',#54,#44)REPRESENTATION_RELATIONSHIP_WITH_TRANSFORMATION(#568)SHAPE_REPRESENTATION_RELATIONSHIP()) ;
#926=(REPRESENTATION_RELATIONSHIP(' ',' ',#579,#44)REPRESENTATION_RELATIONSHIP_WITH_TRANSFORMATION(#927)SHAPE_REPRESENTATION_RELATIONSHIP()) ;
#1717=(REPRESENTATION_RELATIONSHIP(' ',' ',#938,#44)REPRESENTATION_RELATIONSHIP_WITH_TRANSFORMATION(#1718)SHAPE_REPRESENTATION_RELATIONSHIP()) ;
#2088=(REPRESENTATION_RELATIONSHIP(' ',' ',#1729,#44)REPRESENTATION_RELATIONSHIP_WITH_TRANSFORMATION(#2089)SHAPE_REPRESENTATION_RELATIONSHIP()) ;
#2192=(REPRESENTATION_RELATIONSHIP(' ',' ',#2100,#44)REPRESENTATION_RELATIONSHIP_WITH_TRANSFORMATION(#2193)SHAPE_REPRESENTATION_RELATIONSHIP()) ;
#2207=(REPRESENTATION_RELATIONSHIP(' ',' ',#938,#44)REPRESENTATION_RELATIONSHIP_WITH_TRANSFORMATION(#2208)SHAPE_REPRESENTATION_RELATIONSHIP()) ;
#2222=(REPRESENTATION_RELATIONSHIP(' ',' ',#2100,#44)REPRESENTATION_RELATIONSHIP_WITH_TRANSFORMATION(#2223)SHAPE_REPRESENTATION_RELATIONSHIP()) ;
#2237=(REPRESENTATION_RELATIONSHIP(' ',' ',#1729,#44)REPRESENTATION_RELATIONSHIP_WITH_TRANSFORMATION(#2238)SHAPE_REPRESENTATION_RELATIONSHIP()) ;
#2252=(REPRESENTATION_RELATIONSHIP(' ',' ',#579,#44)REPRESENTATION_RELATIONSHIP_WITH_TRANSFORMATION(#2253)SHAPE_REPRESENTATION_RELATIONSHIP()) ;
ENDSEC;
END-ISO-10303-21;
